date,open,high,low,close,adj close,volume,volatility
2020-12-04,91.23,91.66,90.85,91.4,90.78,27564000.0,0.008862144420131316
2020-12-07,90.95,91.62,90.29,90.97,90.36,26418000.0,0.014620204463009765
2020-12-08,90.5,91.1,89.81,90.93,90.31,21926000.0,0.014186737050478302
2020-12-09,90.6,91.71,88.39,89.21,88.6,30152000.0,0.037215558793857115
2020-12-10,88.49,89.07,87.02,88.77,88.16,27256000.0,0.023093387405655034
2020-12-11,88.15,89.22,88.0,89.09,88.48,24414000.0,0.01369401728589066
2020-12-14,88.75,89.87,87.86,88.0,87.4,32004000.0,0.022840909090909148
2020-12-15,88.22,88.57,87.5,88.39,87.79,29646000.0,0.012105441792057848
2020-12-16,88.64,88.65,87.8,88.15,87.55,30270000.0,0.009642654566080641
2020-12-17,88.43,88.59,86.93,87.39,86.8,32494000.0,0.01899530838768734
2020-12-18,87.71,87.76,86.01,86.55,85.96,80328000.0,0.020219526285384173
2020-12-21,85.68,87.04,84.95,86.97,86.38,36568000.0,0.024031275152351424
2020-12-22,86.72,86.87,85.63,86.18,85.59,18734000.0,0.014388489208633198
2020-12-23,86.41,87.4,86.25,86.62,86.03,20676000.0,0.013276379589009532
2020-12-24,86.75,87.3,86.46,86.94,86.35,6936000.0,0.00966183574879231
2020-12-28,87.58,89.54,87.32,88.8,88.2,27860000.0,0.025000000000000147
2020-12-29,89.39,89.62,87.8,87.94,87.34,25988000.0,0.020695929042529083
2020-12-30,88.1,88.25,86.28,86.98,86.38,26122000.0,0.022648884801103688
2020-12-31,86.77,87.95,86.77,87.59,87.0,20238000.0,0.013471857517981582
2021-01-04,87.88,88.03,85.39,86.41,85.82,38038000.0,0.030552019442194198
2021-01-05,86.25,87.38,85.9,87.05,86.45,22906000.0,0.017001723147616197
2021-01-06,85.13,87.4,84.95,86.76,86.17,52042000.0,0.028238819732595698
2021-01-07,87,89.42,86.85,89.36,88.76,45300000.0,0.0287600716204119
2021-01-08,89.4,90.49,88.68,90.36,89.75,41012000.0,0.020030987162461135
2021-01-11,89.3,89.72,88.03,88.34,87.74,24194000.0,0.01913063165044145
2021-01-12,87.7,88.9,86.27,87.33,86.73,27140000.0,0.03011565326920886
2021-01-13,86.93,88.25,86.9,87.72,87.12,21882000.0,0.015389876880984888
2021-01-14,87.68,88.75,86.67,87.01,86.42,23590000.0,0.023905298241581406
2021-01-15,86.91,87.8,86.08,86.81,86.22,26844000.0,0.01981338555465959
2021-01-19,87.61,90.46,87.07,89.54,88.93,34692000.0,0.03786017422381059
2021-01-20,91.57,95.19,91.28,94.35,93.7,49806000.0,0.04144144144144141
2021-01-21,94.9,96.74,94.36,94.56,93.92,41278000.0,0.025169204737732608
2021-01-22,94.78,95.55,94.09,95.05,94.41,25442000.0,0.015360336664913139
2021-01-25,96.03,96.48,93.38,94.97,94.32,38546000.0,0.032641886911656405
2021-01-26,94.44,96.25,94.21,95.86,95.21,26262000.0,0.02128103484247868
2021-01-27,94.13,94.5,90.45,91.54,90.92,54966000.0,0.04424295389993442
2021-01-28,92.2,94.94,92.13,93.16,92.52,35462000.0,0.030163160154572804
2021-01-29,92.31,92.86,90.51,91.79,91.16,32252000.0,0.025601917420198215
2021-02-01,92.68,96.12,92.55,95.07,94.42,32044000.0,0.0375512780056801
2021-02-02,96.13,97.79,95.72,96.38,95.72,45474000.0,0.021477484955385012
2021-02-03,103.65,105.82,100.92,103.5,102.8,82364000.0,0.047342995169082046
2021-02-04,103.44,103.93,102.13,103.12,102.42,37046000.0,0.017455391776571096
2021-02-05,103.5,105.13,102.97,104.9,104.19,30702000.0,0.020591039084842673
2021-02-08,105.3,106.18,103.6,104.65,103.93,24838000.0,0.02465360726230303
2021-02-09,103.93,105.26,103.93,104.18,103.47,17798000.0,0.012766365905164122
2021-02-10,104.71,105.42,103.15,104.77,104.06,22710000.0,0.02166650758804998
2021-02-11,104.98,105.1,103.87,104.79,104.08,18914000.0,0.011737761236759134
2021-02-12,104.51,105.44,104.16,105.21,104.49,17114000.0,0.01216614390267086
2021-02-16,105.22,107.63,105.22,106.1,105.37,22676000.0,0.022714420358152656
2021-02-17,105,106.68,104.95,106.42,105.69,21418000.0,0.016256342792708173
2021-02-18,105.52,106.64,105.19,105.86,105.14,22432000.0,0.01369733610428871
2021-02-19,105.96,106.53,104.87,105.06,104.34,29148000.0,0.015800494955263627
2021-02-22,103.35,104.57,103.11,103.24,102.54,27350000.0,0.014141805501743451
2021-02-23,101.25,104.1,100.1,103.54,102.84,33348000.0,0.038632412594166506
2021-02-24,102.09,105.04,101.91,104.76,104.05,24966000.0,0.029877815960290276
2021-02-25,103.37,104.74,101.06,101.57,100.88,36568000.0,0.03623117062124636
2021-02-26,102.53,103.55,100.8,101.84,101.15,41670000.0,0.027003142183817753
2021-03-01,102.83,104.33,102.31,104.08,103.37,28090000.0,0.019408147578785513
2021-03-02,103.81,105.22,103.56,103.79,103.09,22692000.0,0.015993833702668818
2021-03-03,103.36,104.43,100.5,101.34,100.65,29684000.0,0.0387803433984607
2021-03-04,101.17,104.46,101.01,102.45,101.76,42360000.0,0.033674963396778806
2021-03-05,103.66,105.91,102.32,105.43,104.71,43904000.0,0.03405102911884666
2021-03-08,105.06,106.44,101.08,101.21,100.52,32948000.0,0.05295919375555775
2021-03-09,103.5,103.9,102.39,102.64,101.94,33946000.0,0.01471161340607955
2021-03-10,103.59,103.75,101.67,102.75,102.05,25372000.0,0.020243309002433072
2021-03-11,103.7,106.29,103.62,105.74,105.02,24782000.0,0.02525061471533953
2021-03-12,104.25,104.51,102.38,103.1,102.4,34516000.0,0.02065955383123191
2021-03-15,103.11,103.35,102.18,103.32,102.62,25962000.0,0.011324041811846569
2021-03-16,103.95,106.18,103.5,104.63,103.91,29832000.0,0.025614068622766002
2021-03-17,103.8,105.49,102.7,104.55,103.84,25980000.0,0.02668579626972733
2021-03-18,103.05,103.78,101.68,101.81,101.12,27228000.0,0.020626657499263276
2021-03-19,102.1,102.65,100.88,102.16,101.47,46298000.0,0.017325763508222496
2021-03-22,102.09,102.9,101.3,101.93,101.24,39096000.0,0.01569704699303452
2021-03-23,102.58,103.62,101.96,102.65,101.95,27340000.0,0.016171456405260697
2021-03-24,103.27,103.91,102.08,102.25,101.56,23080000.0,0.017897310513447416
2021-03-25,102.24,102.94,100.54,102.22,101.52,28378000.0,0.02347877127763639
2021-03-26,101.94,102.55,100.7,101.78,101.09,29870000.0,0.01817645902927878
2021-03-29,101.39,102.92,100.78,102.8,102.1,24596000.0,0.0208171206225681
2021-03-30,102.88,103.54,102.2,102.78,102.08,20732000.0,0.013037555944736363
2021-03-31,102.96,104.67,102.84,103.43,102.73,29198000.0,0.01769312578555543
2021-04-01,104.9,107.15,104.84,106.89,106.16,33980000.0,0.021611001964636563
2021-04-05,107.65,111.87,107.58,111.28,110.52,43298000.0,0.03855140186915893
2021-04-06,111.13,111.88,110.74,111.24,110.48,27060000.0,0.010248112189859769
2021-04-07,111.31,112.75,111.27,112.48,111.72,25798000.0,0.013157894736842141
2021-04-08,113.9,114.2,112.88,113.27,112.5,27166000.0,0.011653571113269246
2021-04-09,112.83,114.45,112.69,114.29,113.52,20888000.0,0.015399422521655482
2021-04-12,113.31,113.77,111.92,112.74,111.97,31318000.0,0.016409437644136902
2021-04-13,113.07,113.86,112.8,113.36,112.59,23310000.0,0.009350741002117169
2021-04-14,113.76,113.9,112.46,112.74,111.98,20220000.0,0.012772751463544545
2021-04-15,113.85,115.33,113.3,114.83,114.05,27472000.0,0.01767830706261431
2021-04-16,115.15,115.32,114.22,114.89,114.11,22596000.0,0.009574375489598698
2021-04-19,114.6,115.92,114.39,115.12,114.34,24688000.0,0.013290479499652546
2021-04-20,115.39,115.48,113.59,114.68,113.9,21774000.0,0.01648064178583886
2021-04-21,114.26,114.77,112.93,114.66,113.89,23930000.0,0.016047444618873096
2021-04-22,114.66,115.19,112.82,113.4,112.63,21096000.0,0.02089947089947094
2021-04-23,114.17,116.29,113.91,115.76,114.98,28670000.0,0.020559778852798978
2021-04-26,116,117.06,115.69,116.34,115.55,20834000.0,0.01177582946536019
2021-04-27,116.8,116.87,115.21,115.36,114.57,31972000.0,0.014389736477115212
2021-04-28,120.36,122.62,118.74,119.0,118.19,59728000.0,0.03260504201680681
2021-04-29,120.52,121.83,120.11,121.49,120.67,39554000.0,0.014157543830767956
2021-04-30,120.22,121.36,120.11,120.51,119.69,39142000.0,0.010372583188117169
2021-05-03,120.14,120.99,119.22,119.76,118.94,33788000.0,0.01477955911823644
2021-05-04,118.49,118.96,115.58,117.71,116.91,35120000.0,0.028714637668847128
2021-05-05,118.42,119.11,117.57,117.84,117.04,21806000.0,0.013068567549219333
2021-05-06,117.53,119.14,117.12,119.07,118.26,20618000.0,0.016964810615604235
2021-05-07,120,120.82,119.5,119.93,119.12,23272000.0,0.011006420411906888
2021-05-10,118.74,118.9,116.74,117.08,116.29,26006000.0,0.01844892381277768
2021-05-11,114.59,116.1,114.15,115.44,114.65,32110000.0,0.016891891891891792
2021-05-12,113.09,114.27,111.5,111.95,111.19,34934000.0,0.024743188923626584
2021-05-13,113.05,113.83,112.14,113.1,112.33,26670000.0,0.014942528735632165
2021-05-14,114.59,116.06,114.17,115.81,115.02,26624000.0,0.016319834211208018
2021-05-17,115.47,116.17,114.75,116.07,115.28,19842000.0,0.012233996726113567
2021-05-18,116.85,117.16,115.16,115.17,114.39,17302000.0,0.017365633411478683
2021-05-19,113.22,115.84,113.18,115.44,114.65,19350000.0,0.023042273042273013
2021-05-20,116.4,118.02,116.05,117.8,117.0,23832000.0,0.016723259762308988
2021-05-21,118.3,118.45,117.12,117.25,116.46,22832000.0,0.011343283582089537
2021-05-24,118.35,120.92,118.01,120.33,119.52,21244000.0,0.024183495387683843
2021-05-25,121,121.64,120.15,120.45,119.63,18838000.0,0.01237027812370274
2021-05-26,120.64,122.15,120.63,121.68,120.85,21856000.0,0.012491781722551037
2021-05-27,121.85,122.0,120.1,120.13,119.31,38962000.0,0.015816199117622623
2021-05-28,121.1,121.41,120.38,120.58,119.76,24108000.0,0.008542046773926034
2021-06-01,121.1,121.9,120.24,121.49,120.66,19166000.0,0.01366367602271801
2021-06-02,121.77,122.1,120.21,121.06,120.24,17158000.0,0.015612093176937061
2021-06-03,119.75,120.49,119.14,120.23,119.41,18346000.0,0.011228478749064246
2021-06-04,121.13,122.69,120.89,122.59,121.75,25948000.0,0.014683089974712432
2021-06-07,122.57,123.4,122.05,123.3,122.47,23850000.0,0.010948905109489121
2021-06-08,124,124.72,123.41,124.14,123.3,25060000.0,0.010552601901079445
2021-06-09,124.97,125.25,124.37,124.57,123.72,20126000.0,0.007064301196114598
2021-06-10,124.7,126.16,124.7,126.08,125.22,31234000.0,0.01157994923857863
2021-06-11,126.25,126.35,124.91,125.7,124.84,25240000.0,0.011455847255369911
2021-06-14,125.67,126.41,125.05,126.35,125.49,22550000.0,0.010763751483973086
2021-06-15,126.52,126.86,125.65,126.03,125.18,22182000.0,0.009600888677299007
2021-06-16,126.25,126.52,124.15,125.7,124.84,26316000.0,0.01885441527446293
2021-06-17,125.52,127.2,125.51,126.37,125.51,25756000.0,0.01337342723747723
2021-06-18,125.71,126.39,124.6,125.57,124.71,53306000.0,0.014254997212710093
2021-06-21,125.74,127.04,125.13,126.46,125.6,26256000.0,0.01510359006800578
2021-06-22,126.45,127.27,126.03,127.0,126.14,20984000.0,0.009763779527559014
2021-06-23,126.55,127.8,126.25,126.46,125.6,19694000.0,0.012256840107543866
2021-06-24,127.05,127.54,126.96,127.28,126.42,18934000.0,0.004556882463859306
2021-06-25,126.96,127.5,126.44,127.0,126.13,33484000.0,0.008346456692913404
2021-06-28,127,127.34,125.97,126.82,125.96,28110000.0,0.01080271250591393
2021-06-29,126.77,127.0,125.44,126.02,125.16,20950000.0,0.012378987462307589
2021-06-30,125.65,125.8,124.76,125.32,124.46,24006000.0,0.00829875518672193
2021-07-01,124.85,126.46,124.85,126.37,125.51,17120000.0,0.012740365593099623
2021-07-02,126.84,128.85,126.77,128.72,127.84,21160000.0,0.01615910503418271
2021-07-06,129.45,129.88,128.41,129.77,128.89,21350000.0,0.011327733682669329
2021-07-07,130.34,130.64,129.76,130.08,129.19,16680000.0,0.0067650676506764715
2021-07-08,128.25,130.03,128.04,129.18,128.3,19780000.0,0.01540486143365853
2021-07-09,128.94,129.85,128.94,129.57,128.69,15106000.0,0.007023230686115587
2021-07-12,129.83,130.77,129.6,130.56,129.68,16944000.0,0.008961397058823652
2021-07-13,130.88,132.04,130.64,130.99,130.1,16618000.0,0.010687838766318082
2021-07-14,131.9,133.0,131.9,132.08,131.18,17912000.0,0.008328285887340962
2021-07-15,132.5,132.6,130.6,131.27,130.37,16586000.0,0.015235773596404356
2021-07-16,131.64,132.18,130.82,131.85,130.95,14856000.0,0.010314751611680044
2021-07-19,131.16,131.25,128.54,129.25,128.38,25710000.0,0.020967117988394644
2021-07-20,130,132.0,129.19,131.1,130.21,19084000.0,0.021434019832189188
2021-07-21,130.79,132.62,130.6,132.6,131.7,14742000.0,0.015233785822021194
2021-07-22,132.65,133.5,132.4,133.33,132.42,13608000.0,0.008250206255156335
2021-07-23,135.26,138.81,134.7,137.82,136.88,26378000.0,0.02982150631258173
2021-07-26,138.25,139.71,137.65,139.64,138.7,23052000.0,0.014752219994271001
2021-07-27,140.01,140.01,135.1,136.8,135.87,42164000.0,0.03589181286549705
2021-07-28,138.56,139.68,136.35,136.38,135.45,54688000.0,0.0244170699516059
2021-07-29,136.38,137.15,136.14,136.54,135.61,19284000.0,0.007397099750988863
2021-07-30,135.51,135.77,134.81,135.22,134.3,23954000.0,0.007099541487945629
2021-08-02,135.48,136.02,134.67,135.99,135.07,20140000.0,0.009927200529450862
2021-08-03,136,136.34,134.18,136.28,135.35,19064000.0,0.01584972116231286
2021-08-04,136.25,136.54,135.41,136.03,135.1,16528000.0,0.008306991104903296
2021-08-05,136.03,136.95,135.6,136.94,136.01,11866000.0,0.009858332116255253
2021-08-06,136.29,137.08,136.05,137.04,136.1,13560000.0,0.0075160537069468856
2021-08-09,136.95,138.32,136.43,138.0,137.06,12374000.0,0.013695652173912944
2021-08-10,138.08,138.55,137.23,138.1,137.16,16034000.0,0.009558291093410729
2021-08-11,138.28,138.85,137.35,137.69,136.75,15204000.0,0.010894037330234585
2021-08-12,137.71,138.42,136.78,138.39,137.45,14646000.0,0.011850567237517064
2021-08-13,138.36,138.67,138.01,138.41,137.47,12580000.0,0.00476844158659054
2021-08-16,138,138.99,136.17,138.92,137.97,18040000.0,0.020299452922545508
2021-08-17,138.19,138.72,136.79,137.3,136.37,21272000.0,0.014056809905316874
2021-08-18,137.12,138.29,136.42,136.57,135.64,14934000.0,0.013692611847404295
2021-08-19,135.47,137.45,135.36,136.91,135.98,18296000.0,0.015265502885106823
2021-08-20,137.08,138.61,136.47,138.44,137.5,15564000.0,0.015457960127130995
2021-08-23,139,142.18,138.75,141.1,140.14,21090000.0,0.02430900070871727
2021-08-24,141.54,143.01,141.35,142.4,141.43,15126000.0,0.011657303370786493
2021-08-25,142.88,143.31,142.44,142.95,141.98,12838000.0,0.006086044071353653
2021-08-26,142.62,143.13,142.09,142.12,141.16,14922000.0,0.007317759639741008
2021-08-27,142.11,145.01,142.02,144.55,143.57,24562000.0,0.020684884123140648
2021-08-30,144.7,146.49,144.6,145.47,144.48,16916000.0,0.012992369560734273
2021-08-31,145.88,146.11,145.0,145.46,144.47,26756000.0,0.007630963838856137
2021-09-01,145.65,146.82,145.61,145.84,144.85,15824000.0,0.008296763576522075
2021-09-02,145.95,146.32,144.11,144.22,143.24,21844000.0,0.015323810844542917
2021-09-03,144.15,145.38,143.51,144.77,143.79,19104000.0,0.01291704082337504
2021-09-07,144.75,145.82,144.54,145.52,144.53,15170000.0,0.008796041781198468
2021-09-08,145.39,145.55,144.2,144.88,143.9,15486000.0,0.00931805632247393
2021-09-09,144.88,145.67,144.43,144.91,143.93,14798000.0,0.008557035401283422
2021-09-10,145.44,146.02,141.74,141.92,140.96,32896000.0,0.03015783540022549
2021-09-13,143.2,144.19,142.28,143.46,142.49,20176000.0,0.013313815697755447
2021-09-14,144.16,144.73,142.91,143.41,142.43,18916000.0,0.012690886270134531
2021-09-15,143.76,145.58,142.26,145.21,144.22,20648000.0,0.022863439157082992
2021-09-16,145.12,145.2,143.42,144.37,143.39,20292000.0,0.012329431322296884
2021-09-17,143.8,144.25,141.06,141.46,140.5,60040000.0,0.022550544323483652
2021-09-20,139,139.36,137.05,139.02,138.07,34918000.0,0.016616314199395785
2021-09-21,140.12,140.81,138.91,139.65,138.7,18130000.0,0.013605442176870788
2021-09-22,140.05,141.58,139.47,140.94,139.98,22068000.0,0.01497090960692503
2021-09-23,141.61,142.25,141.1,141.83,140.86,17272000.0,0.00810829866741878
2021-09-24,140.95,142.9,140.85,142.63,141.66,14950000.0,0.014372852836009335
2021-09-27,141.59,142.5,140.5,141.5,140.54,18844000.0,0.014134275618374558
2021-09-28,139.09,139.61,135.7,136.18,135.26,42190000.0,0.028711998825084628
2021-09-29,137.11,137.4,134.25,134.52,133.61,26338000.0,0.023416592328278363
2021-09-30,134.32,135.59,133.0,133.27,132.36,35294000.0,0.01943423125984845
2021-10-01,133.55,137.07,133.38,136.46,135.54,28388000.0,0.02704089110362009
2021-10-04,135.7,135.7,131.17,133.76,132.86,31530000.0,0.033866626794258385
2021-10-05,134,137.36,134.0,136.18,135.25,24126000.0,0.024673226611837372
2021-10-06,134.63,137.85,134.49,137.35,136.42,19764000.0,0.024463050600655154
2021-10-07,138.86,140.15,138.56,139.19,138.24,18250000.0,0.01142323442776064
2021-10-08,139.91,140.32,139.43,140.06,139.1,18924000.0,0.006354419534485123
2021-10-11,139.8,140.76,138.81,138.85,137.9,16584000.0,0.01404393230104421
2021-10-12,139.64,139.7,136.25,136.71,135.78,22536000.0,0.025235900811937592
2021-10-13,137.75,138.55,136.98,137.9,136.96,16380000.0,0.011385061638868902
2021-10-14,139.95,141.65,139.34,141.41,140.45,21426000.0,0.01633547839615305
2021-10-15,142.2,142.2,141.06,141.68,140.71,21250000.0,0.008046301524562297
2021-10-18,141.21,143.0,141.21,142.96,141.99,16564000.0,0.01252098489087851
2021-10-19,143.29,144.11,143.1,143.82,142.84,15316000.0,0.00702266722291767
2021-10-20,144.22,144.25,141.91,142.41,141.45,17940000.0,0.016431430377080284
2021-10-21,142.19,142.85,141.64,142.78,141.81,14850000.0,0.008474576271186496
2021-10-22,140.35,141.56,137.17,138.63,137.68,30182000.0,0.03166702733895993
2021-10-25,138.81,139.21,136.75,138.77,137.83,21082000.0,0.017727174461338962
2021-10-26,140.61,140.84,139.01,139.67,138.72,28258000.0,0.013102312593971596
2021-10-27,139.9,149.12,139.9,146.43,145.43,51850000.0,0.06296523936351839
2021-10-28,147.3,147.42,144.76,146.13,145.14,32418000.0,0.018202969958256324
2021-10-29,145.52,148.61,145.17,148.27,147.26,28954000.0,0.023200917245565698
2021-11-01,148.16,148.4,143.58,143.77,142.8,32272000.0,0.03352577032760654
2021-11-02,144.81,146.92,144.64,145.86,144.87,21150000.0,0.015631427396133286
2021-11-03,146.27,146.91,145.05,146.79,145.79,17886000.0,0.012671162885755061
2021-11-04,147.2,149.95,146.63,148.68,147.67,24700000.0,0.022329835889157875
2021-11-05,149.35,150.57,148.65,149.24,148.23,20408000.0,0.012865183596890829
2021-11-08,150,151.03,149.12,149.35,148.34,18388000.0,0.012788751255440219
2021-11-09,149.75,150.38,147.51,149.25,148.23,16876000.0,0.019229480737018457
2021-11-10,148.01,148.7,145.32,146.63,145.63,22708000.0,0.02305121734979196
2021-11-11,147.11,148.5,146.69,146.75,145.75,12464000.0,0.012333901192504274
2021-11-12,147.83,149.86,146.45,149.65,148.63,17048000.0,0.022786501837621282
2021-11-15,150,150.48,148.65,149.39,148.37,16248000.0,0.0122498159180667
2021-11-16,149.17,149.83,148.35,149.08,148.06,17254000.0,0.009927555674805594
2021-11-17,149.23,149.63,148.56,149.06,148.05,15290000.0,0.007178317456057917
2021-11-18,149.15,151.61,149.0,150.71,149.68,26658000.0,0.01731802800079632
2021-11-19,151,151.85,149.89,149.95,148.93,19766000.0,0.01307102367455824
2021-11-22,150.14,150.74,147.01,147.08,146.08,24608000.0,0.0253603481098723
2021-11-23,147.11,147.69,144.89,146.76,145.76,18126000.0,0.019078768056691276
2021-11-24,146.35,147.0,145.2,146.72,145.72,16464000.0,0.012268266085060056
2021-11-26,145.02,145.3,142.49,142.81,141.84,16992000.0,0.01967649324277013
2021-11-29,144.3,146.86,144.3,146.11,145.12,26276000.0,0.01752104578742045
2021-11-30,145.45,146.63,142.07,142.45,141.48,41590000.0,0.03201123201123203
2021-12-01,144.21,146.5,141.5,141.62,140.66,28476000.0,0.03530574777573789
2021-12-02,141.82,144.68,140.98,143.78,142.8,21250000.0,0.02573375991097522
2021-12-03,144.5,145.21,141.15,142.52,141.55,26688000.0,0.028487229862475455
2021-12-06,143.57,144.35,140.65,143.8,142.82,22198000.0,0.025730180806675856
2021-12-07,145.95,148.3,145.7,148.04,147.03,23258000.0,0.01756282085922739
2021-12-08,148.33,149.16,147.2,148.72,147.71,18964000.0,0.013179128563744001
2021-12-09,148.18,149.6,147.53,148.11,147.1,18580000.0,0.013976098845452657
2021-12-10,149.1,149.4,147.36,148.68,147.66,21634000.0,0.013720742534301802
2021-12-13,148.44,148.56,146.36,146.7,145.71,24104000.0,0.014996591683708172
2021-12-14,144.77,145.44,142.24,144.97,143.99,24778000.0,0.02207353245499061
2021-12-15,144.37,147.52,142.71,147.37,146.37,27280000.0,0.032638936011399895
2021-12-16,148.08,148.55,144.09,144.84,143.85,27400000.0,0.03079259872963275
2021-12-17,142.71,144.46,141.79,142.8,141.83,43404000.0,0.01869747899159675
2021-12-20,140.68,142.61,140.25,142.4,141.43,20264000.0,0.016573033707865264
2021-12-21,143.15,144.69,141.74,144.22,143.24,19548000.0,0.020454860629593598
2021-12-22,144.1,147.3,143.96,146.95,145.95,18438000.0,0.022728819326301487
2021-12-23,147.09,148.57,146.95,147.14,146.14,13818000.0,0.011009922522767465
2021-12-27,147.46,148.43,147.25,148.06,147.06,13256000.0,0.007969741996487957
2021-12-28,148.37,148.37,145.94,146.45,145.45,18624000.0,0.01659269375213388
2021-12-29,146.43,147.18,145.5,146.5,145.51,17022000.0,0.01146757679180892
2021-12-30,146.45,147.06,145.76,146.0,145.01,12978000.0,0.008904109589041174
2021-12-31,145.54,146.37,144.68,144.68,143.7,17298000.0,0.01168095106441801
2022-01-03,144.48,145.55,143.5,145.07,144.09,25214000.0,0.014131109119735379
2022-01-04,145.55,146.61,143.82,144.42,143.43,22928000.0,0.019318653926049166
2022-01-05,144.18,144.3,137.52,137.65,136.72,49642000.0,0.049255357791500184
2022-01-06,137.5,139.69,136.76,137.55,136.62,29050000.0,0.02130134496546715
2022-01-07,137.9,138.25,135.79,137.0,136.07,19408000.0,0.0179562043795621
2022-01-10,135.1,138.64,133.14,138.57,137.63,34096000.0,0.03969113083640038
2022-01-11,138.18,140.33,136.81,140.02,139.07,23502000.0,0.02513926581916876
2022-01-12,141.55,142.81,141.11,141.65,140.69,23642000.0,0.012001411930815309
2022-01-13,141.84,143.19,138.91,139.13,138.19,26566000.0,0.030762596133112927
2022-01-14,137.5,141.2,137.5,139.79,138.84,23826000.0,0.026468273839330345
2022-01-18,136.6,137.39,135.62,136.29,135.36,27382000.0,0.012987012987012854
2022-01-19,136.94,138.4,135.5,135.65,134.73,20796000.0,0.02137854773313679
2022-01-20,136.51,137.91,133.14,133.51,132.6,21930000.0,0.035727660849374655
2022-01-21,133.01,134.76,130.0,130.09,129.21,41920000.0,0.036590053040202866
2022-01-24,126.03,130.78,124.64,130.37,129.49,55148000.0,0.04709672470660428
2022-01-25,128.44,129.34,126.38,126.74,125.87,36008000.0,0.023354899794855673
2022-01-26,130.59,132.81,127.15,129.24,128.36,39630000.0,0.043794490869699755
2022-01-27,131.36,132.61,128.95,129.12,128.24,30248000.0,0.02834572490706339
2022-01-28,130,133.37,128.69,133.29,132.38,30518000.0,0.03511141120864286
2022-01-31,134.2,135.84,132.27,135.7,134.78,34056000.0,0.026308032424465687
2022-02-01,137.84,138.2,134.57,137.88,136.94,51204000.0,0.02632724107919927
2022-02-02,151.86,152.1,145.56,148.04,147.03,89750000.0,0.044177249392056146
2022-02-03,145.29,149.12,142.21,142.65,141.68,56930000.0,0.04844023834560109
2022-02-04,143.02,144.54,139.82,143.02,142.04,49224000.0,0.033002377289889515
2022-02-07,143.71,143.85,138.7,138.94,137.99,44610000.0,0.03706635957967472
2022-02-08,138.99,139.84,136.87,139.21,138.27,34256000.0,0.021334674233172896
2022-02-09,140.85,142.18,140.38,141.45,140.49,28628000.0,0.012725344644750877
2022-02-10,139.5,141.43,138.05,138.6,137.66,33018000.0,0.024386724386724356
2022-02-11,138.75,139.28,133.29,134.13,133.22,38808000.0,0.04465816744948937
2022-02-14,133.37,136.17,133.3,135.3,134.38,26792000.0,0.021212121212121033
2022-02-15,137.47,137.9,135.54,136.43,135.5,26578000.0,0.01729824818588297
2022-02-16,136.43,137.95,134.82,137.49,136.55,25610000.0,0.022765292021237872
2022-02-17,136.15,136.84,132.2,132.31,131.41,30968000.0,0.035069155770539
2022-02-18,133.04,133.82,130.31,130.47,129.58,31858000.0,0.026902736261209405
2022-02-22,129.99,131.9,127.74,129.4,128.52,38906000.0,0.03214837712519328
2022-02-23,131.08,131.75,127.5,127.58,126.72,26432000.0,0.03331243141558238
2022-02-24,125,133.04,124.76,132.67,131.77,43166000.0,0.06241049219868838
2022-02-25,133.53,135.39,131.76,134.52,133.61,26236000.0,0.026984834968777842
2022-02-28,133.28,135.64,132.83,134.89,133.97,29676000.0,0.020831788865000922
2022-03-01,134.48,136.11,133.38,134.17,133.26,24640000.0,0.0203473205634644
2022-03-02,134.61,135.62,133.43,134.75,133.84,23966000.0,0.01625231910946195
2022-03-03,135.98,136.71,133.43,134.31,133.4,19780000.0,0.024421115330206248
2022-03-04,133.38,134.2,130.41,132.12,131.22,24446000.0,0.028686042991220042
2022-03-07,131.9,131.9,126.41,126.46,125.6,39178000.0,0.04341293689704262
2022-03-08,126.25,131.25,125.86,127.28,126.41,35250000.0,0.042347580138277816
2022-03-09,131.4,134.2,130.09,133.87,132.96,32258000.0,0.03070142675730175
2022-03-10,131.46,133.54,131.4,132.68,131.78,24266000.0,0.01612903225806441
2022-03-11,134,134.2,130.3,130.48,129.59,26600000.0,0.0298896382587368
2022-03-14,130.57,131.03,126.41,126.74,125.88,30254000.0,0.03645258008521386
2022-03-15,127.74,130.52,126.57,129.66,128.78,30292000.0,0.03046429122319927
2022-03-16,131,133.77,129.2,133.69,132.78,32058000.0,0.034183558979729384
2022-03-17,133.32,134.74,132.72,134.6,133.69,23994000.0,0.015007429420505277
2022-03-18,133.88,136.91,132.93,136.8,135.87,45900000.0,0.02909356725146191
2022-03-21,136.85,137.58,134.61,136.48,135.55,26632000.0,0.02176143024618991
2022-03-22,136.5,141.5,136.5,140.28,139.32,29776000.0,0.035642999714856
2022-03-23,139.14,140.02,138.17,138.5,137.56,25302000.0,0.013357400722021824
2022-03-24,139.27,141.4,138.04,141.31,140.35,20544000.0,0.023777510438044113
2022-03-25,141.75,141.96,139.7,141.52,140.56,19270000.0,0.01596947427925395
2022-03-28,140.68,141.98,139.83,141.95,140.99,23774000.0,0.015146178231771591
2022-03-29,143.16,144.16,142.48,143.25,142.28,28678000.0,0.011727748691099524
2022-03-30,142.87,143.48,142.17,142.64,141.67,21046000.0,0.00918395961862032
2022-03-31,142.45,142.64,139.62,139.65,138.7,29516000.0,0.0216254923021839
2022-04-01,140.01,140.95,138.8,140.7,139.74,23480000.0,0.015280739161336016
2022-04-04,140.82,144.04,140.82,143.64,142.67,19076000.0,0.02241715399610136
2022-04-05,143.4,143.59,140.94,141.06,140.1,19256000.0,0.01878633205728063
2022-04-06,139.16,139.85,136.42,137.18,136.24,23574000.0,0.02500364484618754
2022-04-07,136.62,137.7,134.86,136.46,135.54,19448000.0,0.02081195954858548
2022-04-08,136.25,136.25,133.75,134.01,133.1,16434000.0,0.01865532422953511
2022-04-11,132.9,132.94,129.62,129.8,128.91,24188000.0,0.02557781201848993
2022-04-12,132.42,132.42,127.58,128.37,127.5,23004000.0,0.037703513281919364
2022-04-13,128.63,130.66,128.44,130.29,129.4,19542000.0,0.01703891319364494
2022-04-14,130.65,130.71,127.11,127.25,126.39,23484000.0,0.02829076620825154
2022-04-18,127.41,128.71,126.58,127.96,127.09,14918000.0,0.0166458268208816
2022-04-19,128.08,130.9,127.45,130.53,129.64,22720000.0,0.02643070558492303
2022-04-20,131.28,131.92,127.89,128.25,127.37,22610000.0,0.03142300194931764
2022-04-21,129.35,130.31,124.65,124.94,124.09,30158000.0,0.04530174483752199
2022-04-22,125,125.45,119.14,119.61,118.8,46410000.0,0.05275478638909792
2022-04-25,119.43,123.28,118.77,123.25,122.41,34522000.0,0.03659229208924954
2022-04-26,122.75,122.75,119.16,119.51,118.69,49394000.0,0.030039327252949572
2022-04-27,114.37,117.5,113.12,115.02,114.24,62238000.0,0.038080333854981704
2022-04-28,117.11,120.44,115.14,119.41,118.6,36790000.0,0.044384892387572206
2022-04-29,117.58,118.96,114.69,114.97,114.19,33694000.0,0.03714012351048096
2022-05-02,113.91,117.34,113.4,117.16,116.36,30280000.0,0.033629224991464646
2022-05-03,116.76,119.3,116.63,118.13,117.33,21216000.0,0.022602217895538828
2022-05-04,118,123.14,115.74,122.57,121.74,33232000.0,0.060373664028718334
2022-05-05,120.22,121.23,115.18,116.75,115.95,43090000.0,0.05182012847965736
2022-05-06,115.52,117.5,114.14,115.66,114.87,35310000.0,0.029050665744423304
2022-05-09,113.3,115.56,112.55,113.08,112.32,34520000.0,0.02661832331093036
2022-05-10,116.04,116.69,113.38,114.58,113.81,31158000.0,0.028888113108745003
2022-05-11,113.71,116.67,113.65,113.96,113.19,36502000.0,0.026500526500526467
2022-05-12,111.94,114.86,110.11,113.16,112.39,41464000.0,0.04197596323789325
2022-05-13,114.85,118.08,114.0,116.52,115.72,29738000.0,0.03501544799176106
2022-05-16,115.38,116.61,114.33,114.79,114.01,23282000.0,0.019862357348201073
2022-05-17,117.23,117.23,115.34,116.7,115.91,21576000.0,0.01619537275064268
2022-05-18,115.24,115.7,112.14,112.4,111.64,27982000.0,0.031672597864768705
2022-05-19,111.84,113.59,110.47,110.75,109.99,29192000.0,0.02817155756207679
2022-05-20,112.09,112.55,106.37,109.31,108.57,37586000.0,0.05653645595096508
2022-05-23,110.1,112.01,109.15,111.67,110.91,31558000.0,0.025611175785797434
2022-05-24,106.38,106.39,102.21,105.93,105.21,60386000.0,0.039460020768432046
2022-05-25,105.14,106.54,104.21,105.84,105.12,37900000.0,0.022014361300075704
2022-05-26,106.05,108.96,105.49,108.3,107.56,30288000.0,0.03204062788550322
2022-05-27,109.79,112.87,109.55,112.8,112.03,29924000.0,0.029432624113475244
2022-05-31,113.08,116.43,112.57,114.04,113.26,51302000.0,0.03384777271132947
2022-06-01,114.93,117.4,113.55,114.14,113.36,28630000.0,0.03373050639565454
2022-06-02,114.19,117.9,113.31,117.75,116.95,27472000.0,0.03898089171974525
2022-06-03,115.99,116.36,113.67,114.56,113.79,25052000.0,0.023481145251396628
2022-06-06,116.74,119.4,116.53,117.01,116.22,23786000.0,0.02452781813520216
2022-06-07,115.65,117.75,115.13,117.23,116.43,26414000.0,0.02234922801330721
2022-06-08,116.88,118.65,116.7,117.24,116.44,22544000.0,0.016632548618219063
2022-06-09,116.34,118.35,114.87,114.92,114.14,23142000.0,0.030281935259310735
2022-06-10,112.78,113.5,110.86,111.43,110.67,31324000.0,0.02369200394866733
2022-06-13,107.45,109.22,106.59,106.88,106.15,36756000.0,0.024607035928143672
2022-06-14,106.89,108.46,106.35,107.19,106.47,25480000.0,0.019684672077619175
2022-06-15,108.9,112.06,108.12,110.39,109.64,33192000.0,0.035691638735392675
2022-06-16,108.15,109.29,105.79,106.64,105.91,35314000.0,0.032820705176294075
2022-06-17,106.54,109.25,105.63,107.87,107.13,43516000.0,0.03355891350699921
2022-06-21,109.7,112.67,109.29,112.01,111.25,39010000.0,0.030175877153825508
2022-06-22,111.16,113.77,110.72,112.03,111.27,23922000.0,0.027224850486476812
2022-06-23,112.95,113.2,111.03,112.68,111.92,24710000.0,0.019258075967341158
2022-06-24,113.6,118.64,113.6,118.54,117.73,39122000.0,0.04251729374050958
2022-06-27,118.93,119.25,116.0,116.62,115.83,32840000.0,0.02786829017321214
2022-06-28,116.35,117.86,112.44,112.57,111.81,28232000.0,0.048147819134760614
2022-06-29,112.15,113.66,111.55,112.26,111.49,18628000.0,0.018795652948512376
2022-06-30,110.5,111.33,107.31,109.37,108.63,38046000.0,0.03675596598701651
2022-07-01,108.34,109.81,107.11,109.08,108.34,31028000.0,0.024752475247524778
2022-07-05,107.51,114.05,106.25,113.89,113.11,36398000.0,0.06848713671086133
2022-07-06,114.09,116.35,112.25,115.21,114.43,28852000.0,0.0355871886120996
2022-07-07,116.01,119.86,115.53,119.31,118.5,32184000.0,0.036292012404660116
2022-07-08,117.55,120.43,117.51,120.17,119.35,29082000.0,0.02429890987767331
2022-07-11,118.65,118.79,116.23,116.52,115.73,26718000.0,0.021970477171301083
2022-07-12,116.84,117.85,114.61,114.85,114.07,24970000.0,0.02821070962124506
2022-07-13,112.64,115.16,111.82,112.19,111.42,38958000.0,0.029770924324806162
2022-07-14,110.83,111.99,109.33,111.44,110.68,32366000.0,0.023869346733668313
2022-07-15,112.96,114.0,111.82,112.77,112.0,34330000.0,0.01933138245987414
2022-07-18,113.44,114.8,109.3,109.91,109.16,33354000.0,0.05004094258939132
2022-07-19,111.73,114.81,110.5,114.62,113.84,30992300.0,0.03760251265049731
2022-07-20,114.06,116.33,113.26,114.7,113.92,26780100.0,0.026765475152571865
2022-07-21,115.09,115.21,111.91,115.04,114.26,27267800.0,0.028685674547983285
2022-07-22,111.81,113.18,107.6,108.36,107.62,44455300.0,0.051495016611295796
2022-07-25,108.88,110.58,107.01,108.21,107.47,28289900.0,0.03299140560022173
2022-07-26,107.43,107.74,104.76,105.44,104.72,36626600.0,0.02826251896813344
2022-07-27,109.6,114.4,108.42,113.6,112.83,41474600.0,0.052640845070422576
2022-07-28,112.8,114.7,111.85,114.59,113.81,23303800.0,0.024871280216423847
2022-07-29,113.4,116.9,113.23,116.64,115.85,31336200.0,0.03146433470507546
2022-08-01,115.53,117.12,114.69,115.48,114.7,22856200.0,0.021042604780048553
2022-08-02,114.43,117.08,114.26,115.9,115.11,17911000.0,0.024331320103537474
2022-08-03,116.34,119.42,116.15,118.78,117.97,25302800.0,0.027529887186394982
2022-08-04,118.3,119.5,117.71,118.87,118.06,15757700.0,0.015058467233111855
2022-08-05,116.93,118.86,116.71,118.22,117.42,15615700.0,0.018186432075790945
2022-08-08,119.12,120.86,117.83,118.14,117.34,17061100.0,0.025647536820721187
2022-08-09,117.99,118.2,116.56,117.5,116.7,15424300.0,0.013957446808510644
2022-08-10,119.59,121.78,119.36,120.65,119.83,20497000.0,0.02005801906340656
2022-08-11,122.08,122.34,119.55,119.82,119.01,16671600.0,0.023284927391086684
2022-08-12,121.16,122.65,120.4,122.65,121.82,16121100.0,0.018344883815735832
2022-08-15,122.21,123.26,121.57,122.88,122.04,15525000.0,0.013753255208333431
2022-08-16,122.32,123.23,121.54,122.51,121.68,15626200.0,0.013794792261856157
2022-08-17,120.93,122.15,120.2,120.32,119.5,17589200.0,0.01620678191489364
2022-08-18,120.23,121.69,119.55,120.86,120.04,15652000.0,0.017706437200066198
2022-08-19,119.87,120.0,117.67,118.12,117.32,20187000.0,0.019725702675245496
2022-08-22,116.1,116.5,114.67,115.07,114.29,19316000.0,0.015903363170244187
2022-08-23,114.32,115.93,114.3,114.77,113.99,14390700.0,0.014202317678836018
2022-08-24,114.45,115.72,113.78,114.7,113.92,16051200.0,0.016913687881429797
2022-08-25,115.15,117.78,115.05,117.7,116.9,14874700.0,0.02319456244689893
2022-08-26,115.81,116.6,111.22,111.3,110.54,31698700.0,0.04833782569631622
2022-08-29,110.78,111.96,109.81,110.34,109.59,20386100.0,0.019485227478702117
2022-08-30,111.03,111.37,108.8,109.91,109.16,20548200.0,0.02338276771904292
2022-08-31,111.63,111.77,109.05,109.15,108.41,25898000.0,0.024919835089326603
2022-09-01,109.2,111.22,108.19,110.55,109.8,22784400.0,0.02740841248303936
2022-09-02,111.34,111.68,108.13,108.68,107.94,20618100.0,0.032664703717335396
2022-09-06,108.14,108.88,106.51,107.48,106.75,20565100.0,0.02205061406773344
2022-09-07,107.76,110.99,107.61,110.48,109.73,22987200.0,0.030593772628530008
2022-09-08,109.18,110.58,108.06,109.42,108.68,21660700.0,0.02303052458417105
2022-09-09,110.05,112.0,110.0,111.78,111.02,21732900.0,0.01789228842368939
2022-09-12,111.99,112.64,110.93,111.87,111.11,19732900.0,0.01528559935639576
2022-09-13,108.89,109.37,105.0,105.31,104.59,33015000.0,0.041496534042351194
2022-09-14,105.44,106.1,104.5,105.87,105.15,22115800.0,0.015112874279777032
2022-09-15,105.01,106.21,103.31,103.9,103.19,26494900.0,0.027911453320500396
2022-09-16,102.97,104.03,101.86,103.63,102.93,64540100.0,0.02093988227347295
2022-09-19,102.54,104.02,102.37,103.85,103.14,19738600.0,0.015888300433317203
2022-09-20,102.88,103.17,101.12,101.83,101.14,24001700.0,0.020131591868800914
2022-09-21,102.24,103.49,99.99,100.01,99.33,26596800.0,0.034996500349965
2022-09-22,99.45,101.68,99.41,100.57,99.89,21272700.0,0.022571343342945315
2022-09-23,100.06,100.11,98.01,99.17,98.5,25657000.0,0.02117575879802354
2022-09-26,98.61,100.44,98.38,98.81,98.14,22437900.0,0.02084809229835039
2022-09-27,99.91,100.46,97.34,98.09,97.42,24225000.0,0.03180752370272189
2022-09-28,98.02,101.4,97.8,100.74,100.06,24617000.0,0.035735556879094785
2022-09-29,99.3,99.3,96.52,98.09,97.42,21921500.0,0.028341319196656143
2022-09-30,97.73,99.49,96.03,96.15,95.5,26277800.0,0.035985439417576634
2022-10-03,97.22,99.97,97.02,99.3,98.63,24840000.0,0.02970795568982883
2022-10-04,101.04,102.72,101.04,102.41,101.71,22580900.0,0.01640464798359528
2022-10-05,100.69,102.74,99.74,102.22,101.53,18475500.0,0.029348464097045588
2022-10-06,101.5,103.73,101.5,102.24,101.55,17156200.0,0.021811424100156535
2022-10-07,100.65,101.42,99.21,99.57,98.89,24249900.0,0.02219544039369296
2022-10-10,99.85,99.99,97.87,98.71,98.04,16529900.0,0.02147705399655547
2022-10-11,98.25,100.12,97.25,98.05,97.38,21617700.0,0.02927078021417649
2022-10-12,98.27,99.65,97.67,98.3,97.63,17343400.0,0.0201424211597152
2022-10-13,95.93,100.53,95.27,99.71,99.03,32812200.0,0.052752983652592574
2022-10-14,100.63,101.29,97.03,97.18,96.52,22624800.0,0.0438361802840091
2022-10-17,99.52,101.77,99.51,100.78,100.1,23311600.0,0.022425084342131286
2022-10-18,103.94,104.22,100.65,101.39,100.7,21610500.0,0.03521057303481599
2022-10-19,100.7,101.66,99.64,100.29,99.61,21573700.0,0.020141589390766736
2022-10-20,100.82,103.0,99.97,100.53,99.85,25125100.0,0.030140256639809022
2022-10-21,98.46,101.62,98.23,101.48,100.79,28988700.0,0.03340559716200237
2022-10-24,102.09,103.1,100.3,102.97,102.27,24680800.0,0.027192386131883045
2022-10-25,103.3,105.1,103.02,104.93,104.22,29910200.0,0.01982273896883635
2022-10-26,96.76,98.54,94.57,94.82,94.18,71504300.0,0.04186880404977867
2022-10-27,94.31,95.17,91.9,92.6,91.97,54036500.0,0.03531317494600428
2022-10-28,92.53,96.86,92.32,96.58,95.92,35696900.0,0.04700766204183067
2022-10-31,95.78,96.35,94.38,94.66,94.02,29868700.0,0.020811324741178944
2022-11-01,95.59,96.17,90.43,90.5,89.88,43220600.0,0.06342541436464083
2022-11-02,90.91,91.3,87.01,87.07,86.48,43553600.0,0.049270701734236734
2022-11-03,86.35,86.55,83.45,83.49,82.92,48510400.0,0.03713019523296197
2022-11-04,85.51,86.73,83.88,86.7,86.11,40173300.0,0.032871972318339195
2022-11-07,87.34,88.94,86.96,88.65,88.05,26899900.0,0.022335025380710704
2022-11-08,89.16,90.4,87.65,88.91,88.31,30172000.0,0.030930154088404004
2022-11-09,88.54,89.49,87.36,87.4,86.81,26743900.0,0.024370709382150975
2022-11-10,92.34,94.55,91.65,94.17,93.53,42371200.0,0.03079537007539547
2022-11-11,94.71,97.36,94.16,96.73,96.07,30569100.0,0.03308177401013132
2022-11-14,95.5,97.18,95.11,96.03,95.38,24170100.0,0.021555763823805137
2022-11-15,98.67,100.42,97.02,98.72,98.05,31831000.0,0.03444084278768239
2022-11-16,98.02,99.85,97.9,98.99,98.32,24660200.0,0.019698959490857548
2022-11-17,97.18,99.48,97.1,98.5,97.83,21818700.0,0.024162436548223448
2022-11-18,99.01,99.16,96.74,97.8,97.14,24969900.0,0.024744376278118627
2022-11-21,97.56,98.72,95.67,95.83,95.18,18696900.0,0.03182719398935612
2022-11-22,96.16,97.55,94.41,97.33,96.67,18868900.0,0.03226137881434296
2022-11-23,97.34,99.07,97.34,98.82,98.15,17568900.0,0.01750657761586713
2022-11-25,98.46,98.94,97.53,97.6,96.94,8567800.0,0.014446721311475376
2022-11-28,97.2,97.83,95.89,96.25,95.6,19974500.0,0.020155844155844132
2022-11-29,96,96.39,94.39,95.44,94.79,20220000.0,0.020955574182732608
2022-11-30,95.12,101.45,94.67,101.45,100.76,39888100.0,0.06683095120749138
2022-12-01,101.4,102.59,100.67,101.28,100.59,21771500.0,0.018957345971563996
2022-12-02,99.37,101.15,99.17,100.83,100.14,18821500.0,0.019637012793811404
2022-12-05,99.82,101.75,99.36,99.87,99.19,19955500.0,0.023931110443576653
2022-12-06,99.67,100.21,96.76,97.31,96.65,20877600.0,0.03545370465522545
2022-12-07,96.77,97.31,95.03,95.15,94.5,26647900.0,0.02396216500262744
2022-12-08,95.69,95.87,93.8,93.95,93.31,25593200.0,0.022032996274614233
2022-12-09,93.9,94.49,93.02,93.07,92.44,21885300.0,0.015794563231975922
2022-12-12,93.09,93.88,91.9,93.56,92.92,27380900.0,0.0211628901239845
2022-12-13,98.07,99.8,95.38,95.85,95.2,34788500.0,0.046113719353155995
2022-12-14,95.54,97.22,93.94,95.31,94.66,26452900.0,0.03441401741685029
2022-12-15,93.54,94.03,90.43,91.2,90.58,28298800.0,0.03947368421052625
2022-12-16,91.2,91.75,90.01,90.86,90.24,48485500.0,0.019150341184239434
2022-12-19,90.88,91.2,88.93,89.15,88.54,23020500.0,0.02546270330902968
2022-12-20,88.73,89.78,88.04,89.63,89.02,21976800.0,0.019413142920896964
2022-12-21,89.73,90.92,88.91,90.25,89.64,20336400.0,0.02227146814404438
2022-12-22,88.93,89.18,86.94,88.26,87.66,23656100.0,0.025379560389757635
2022-12-23,87.62,90.1,87.62,89.81,89.2,17815000.0,0.02761385146420209
2022-12-27,89.31,89.5,87.54,87.93,87.33,15470900.0,0.02229045831911741
2022-12-28,87.5,88.52,86.37,86.46,85.87,17879600.0,0.024866990515845382
2022-12-29,87.03,89.36,86.99,88.95,88.35,18280700.0,0.026644182124789258
2022-12-30,87.36,88.83,87.03,88.73,88.13,19190300.0,0.020286261692775805
2023-01-03,89.83,91.55,89.02,89.7,89.09,20738500.0,0.028205128205128216
2023-01-04,91.01,91.24,87.8,88.71,88.11,27046500.0,0.03877804080712431
2023-01-05,88.07,88.21,86.56,86.77,86.18,23136100.0,0.019015788867119875
2023-01-06,87.36,88.47,85.57,88.16,87.56,26612600.0,0.03289473684210533
2023-01-09,89.19,90.83,88.58,88.8,88.2,22996700.0,0.02533783783783784
2023-01-10,86.72,89.47,86.7,89.24,88.63,22855600.0,0.031039892424921518
2023-01-11,90.06,92.45,89.74,92.26,91.63,25998800.0,0.029373509646650853
2023-01-12,92.4,92.62,90.57,91.91,91.29,22754200.0,0.02230442824502243
2023-01-13,91.53,92.98,90.93,92.8,92.17,18630700.0,0.02209051724137928
2023-01-17,92.78,92.97,90.84,92.16,91.53,22935800.0,0.02311197916666662
2023-01-18,92.94,93.59,91.4,91.78,91.16,19641600.0,0.023861407714098906
2023-01-19,91.39,94.4,91.38,93.91,93.27,28707700.0,0.03215844957938463
2023-01-20,95.95,99.42,95.91,99.28,98.61,53704800.0,0.03535455278001617
2023-01-23,99.13,101.4,98.75,101.21,100.52,31791800.0,0.02618318347989335
2023-01-24,99.55,101.09,98.7,99.21,98.54,27391400.0,0.02409031347646407
2023-01-25,97.2,97.72,95.26,96.73,96.07,31000900.0,0.025431613770288367
2023-01-26,98.28,99.21,96.82,99.16,98.49,24542100.0,0.024102460669624855
2023-01-27,99.05,101.58,98.97,100.71,100.03,29020400.0,0.0259159964253798
2023-01-30,98.75,99.41,97.52,97.95,97.28,24365100.0,0.01929555895865238
2023-01-31,97.86,99.91,97.79,99.87,99.19,22306800.0,0.02122759587463693
2023-02-01,99.74,102.19,98.42,101.43,100.74,26392600.0,0.03716849058463961
2023-02-02,106.79,108.82,106.54,108.8,108.06,46622600.0,0.020955882352941057
2023-02-03,103.51,108.02,103.3,105.22,104.5,36823400.0,0.04485839194069567
2023-02-06,102.68,104.7,102.21,103.47,102.77,25573000.0,0.024064946361264224
2023-02-07,103.63,108.67,103.55,108.04,107.31,33738800.0,0.04738985560903373
2023-02-08,102.69,103.58,98.46,100.0,99.32,73546000.0,0.051200000000000044
2023-02-09,100.54,100.61,93.86,95.46,94.81,97798600.0,0.07071024512884978
2023-02-10,95.74,97.02,94.53,94.86,94.22,49325300.0,0.026249209361163768
2023-02-13,95.01,95.35,94.05,95.0,94.35,43116600.0,0.013684210526315759
2023-02-14,94.66,95.18,92.65,94.95,94.3,42513100.0,0.026645602948920495
2023-02-15,94.74,97.34,94.36,97.1,96.44,36964500.0,0.030690010298661217
2023-02-16,95.54,97.88,94.97,95.78,95.13,35642100.0,0.030382125704739995
2023-02-17,95.07,95.75,93.45,94.59,93.95,31095100.0,0.024315466751242173
2023-02-21,93.24,93.42,92.0,92.05,91.42,28367200.0,0.015426398696360692
2023-02-22,91.93,92.36,90.87,91.8,91.18,29891100.0,0.016230936819172058
2023-02-23,92.13,92.13,90.01,91.07,90.45,32423700.0,0.023278796530141546
2023-02-24,89.63,90.13,88.86,89.35,88.74,31295600.0,0.014213766088416296
2023-02-27,90.09,90.45,89.61,90.1,89.49,22724300.0,0.00932297447280803
2023-02-28,89.54,91.45,89.52,90.3,89.69,30546900.0,0.02137320044296796
2023-03-01,90.16,91.2,89.85,90.51,89.89,26323900.0,0.014915478952602016
2023-03-02,89.86,92.48,89.77,92.31,91.68,23328600.0,0.029357599393348584
2023-03-03,92.74,94.11,92.66,94.02,93.38,30242500.0,0.01542225058498195
2023-03-06,94.36,96.3,94.3,95.58,94.93,28288200.0,0.02092487968194183
2023-03-07,95.42,96.09,93.84,94.17,93.53,24101500.0,0.023892959541255178
2023-03-08,94.4,96.24,94.4,94.65,94.01,25395200.0,0.019440042260961323
2023-03-09,94.49,95.92,92.36,92.66,92.03,24438900.0,0.03842003021800132
2023-03-10,92.5,93.18,90.8,91.01,90.39,32850100.0,0.026150972420613223
2023-03-13,90.57,93.08,89.94,91.66,91.04,31508600.0,0.034257036875409125
2023-03-14,93.07,94.83,92.78,94.25,93.61,32303900.0,0.021750663129973445
2023-03-15,93.54,97.25,93.04,96.55,95.89,38367300.0,0.0436043500776799
2023-03-16,96.57,101.97,95.87,101.07,100.38,54499500.0,0.06035420995349752
2023-03-17,100.84,103.49,100.75,102.46,101.76,76140300.0,0.02674214327542451
2023-03-20,101.06,102.58,100.79,101.93,101.24,26033900.0,0.017561071323457196
2023-03-21,101.98,105.96,101.86,105.84,105.12,33122800.0,0.038737717309145825
2023-03-22,105.14,107.51,104.21,104.22,103.51,32336900.0,0.03166378814047219
2023-03-23,105.89,107.1,105.41,106.26,105.54,31385800.0,0.01590438546960284
2023-03-24,105.74,106.16,104.74,106.06,105.34,25236200.0,0.013388647935131073
2023-03-27,105.32,105.4,102.63,103.06,102.36,25393400.0,0.026877547059965166
2023-03-28,103,103.0,100.28,101.36,100.67,24913500.0,0.026835043409629035
2023-03-29,102.72,102.82,101.03,101.9,101.21,26148300.0,0.01756624141315007
2023-03-30,101.44,101.61,100.29,101.32,100.63,25009800.0,0.01302803000394782
2023-03-31,101.71,104.19,101.44,104.0,103.29,28108000.0,0.026442307692307692
2023-04-03,102.67,104.95,102.38,104.91,104.2,20719900.0,0.02449718806596137
2023-04-04,104.84,106.1,104.6,105.12,104.41,20377200.0,0.014269406392694063
2023-04-05,106.12,106.54,104.1,104.95,104.24,21864200.0,0.02324916626965233
2023-04-06,105.77,109.63,104.82,108.9,108.16,34684200.0,0.04416896235078055
2023-04-10,107.39,107.97,105.6,106.95,106.22,19741500.0,0.022159887798036508
2023-04-11,106.92,107.22,105.28,106.12,105.4,18721300.0,0.01828119110441008
2023-04-12,107.39,107.59,104.97,105.22,104.5,22761600.0,0.02490020908572519
2023-04-13,106.47,108.26,106.44,108.19,107.45,21650700.0,0.016822257140216356
2023-04-14,107.69,109.58,107.59,109.46,108.72,20758700.0,0.018180157135026447
2023-04-17,105.43,106.71,105.32,106.42,105.7,29043400.0,0.013061454613794404
2023-04-18,107,107.05,104.78,105.12,104.41,17641400.0,0.021594368340943644
2023-04-19,104.21,105.72,103.8,105.02,104.31,16732000.0,0.018282231955817956
2023-04-20,104.65,106.89,104.64,105.9,105.18,22515300.0,0.021246458923512748
2023-04-21,106.09,106.64,105.49,105.91,105.19,22379000.0,0.010858275894627569
2023-04-24,106.05,107.32,105.36,106.78,106.05,21410900.0,0.018355497284135547
2023-04-25,106.61,107.44,104.56,104.61,103.9,31408100.0,0.0275308287926584
2023-04-26,105.56,107.02,103.27,104.45,103.74,37068200.0,0.03590234561991383
2023-04-27,105.23,109.15,104.42,108.37,107.63,38235200.0,0.0436467657100674
2023-04-28,107.8,108.29,106.04,108.22,107.48,23957900.0,0.02079098133431898
2023-05-01,107.72,108.68,107.5,107.71,106.98,20926300.0,0.010955343050784577
2023-05-02,107.66,107.73,104.5,105.98,105.26,20343100.0,0.030477448575202903
2023-05-03,106.22,108.13,105.62,106.12,105.4,17116300.0,0.023652468903128446
2023-05-04,106.16,106.3,104.7,105.21,104.49,19780600.0,0.015207679878338508
2023-05-05,105.32,106.44,104.74,106.21,105.49,20710600.0,0.01600602579794749
2023-05-08,105.79,108.42,105.79,108.24,107.5,17266000.0,0.024297856614929746
2023-05-09,108.78,110.6,107.72,107.94,107.21,24782400.0,0.02668148971650913
2023-05-10,108.55,113.51,108.48,112.28,111.52,47533500.0,0.04479871749198434
2023-05-11,115.86,118.44,114.93,116.9,116.11,57115100.0,0.030025662959794617
2023-05-12,117,118.26,116.55,117.92,117.12,31293800.0,0.014501356852103188
2023-05-15,116.49,118.79,116.48,116.96,116.17,22107900.0,0.019750341997264043
2023-05-16,116.83,121.2,116.83,120.09,119.27,32370100.0,0.03638937463568993
2023-05-17,120.18,122.28,119.46,121.48,120.65,26659600.0,0.023213697728021135
2023-05-18,121.56,123.9,121.49,123.52,122.68,27014500.0,0.019511010362694387
2023-05-19,124.2,126.48,122.72,123.25,122.41,30268900.0,0.03050709939148077
2023-05-22,123.51,127.05,123.45,125.87,125.01,29760200.0,0.02860093747517275
2023-05-23,124.93,125.42,123.05,123.29,122.45,24477900.0,0.019222970232784527
2023-05-24,121.88,122.75,120.75,121.64,120.81,23087900.0,0.01644195988161789
2023-05-25,125.21,125.98,122.9,124.35,123.5,33812700.0,0.0247687977482911
2023-05-26,124.07,126.0,123.29,125.43,124.58,25154700.0,0.021605676472933058
2023-05-30,126.29,126.38,122.89,124.64,123.79,27230700.0,0.028000641848523706
2023-05-31,123.7,124.9,123.1,123.37,122.53,41548800.0,0.014590256950636388
2023-06-01,123.5,125.04,123.3,124.37,123.52,25017700.0,0.013990512181394299
2023-06-02,124.49,126.75,124.35,125.23,124.38,19367500.0,0.01916473688413324
2023-06-05,124.61,127.99,124.38,126.63,125.77,22672500.0,0.028508252388849402
2023-06-06,126.6,128.88,125.97,127.91,127.04,19450100.0,0.02275037135485886
2023-06-07,127.57,129.55,122.63,122.94,122.1,34179300.0,0.05628761997722479
2023-06-08,122.58,123.73,122.01,122.67,121.84,24815000.0,0.014021358115268598
2023-06-09,122.56,124.29,122.42,122.87,122.03,20304500.0,0.015219337511190726
2023-06-12,123.39,124.75,122.35,124.35,123.5,22255700.0,0.01930036188178533
2023-06-13,125.65,125.86,123.85,124.43,123.58,19287700.0,0.01615366069275902
2023-06-14,123.8,124.79,122.16,124.38,123.53,24659600.0,0.02114487859784539
2023-06-15,123.88,126.16,123.14,125.79,124.94,24517100.0,0.02400826774783366
2023-06-16,126.7,126.7,123.79,124.06,123.22,56699200.0,0.023456392068353996
2023-06-20,123.54,125.18,122.83,123.85,123.01,22698000.0,0.018974566007266925
2023-06-21,123.24,123.41,120.86,121.26,120.44,22612000.0,0.02102919346857989
2023-06-22,120.66,123.93,119.6,123.87,123.03,20781900.0,0.034956002260434424
2023-06-23,122.04,123.44,121.86,123.02,122.18,29573100.0,0.012843440091042093
2023-06-26,121.47,122.72,118.99,119.09,118.28,23185000.0,0.03132084977747925
2023-06-27,117.84,119.89,116.91,119.01,118.2,27221700.0,0.025039912612385546
2023-06-28,117.96,121.27,117.6,121.08,120.26,19753100.0,0.03031053848695079
2023-06-29,120.09,120.91,119.21,120.01,119.19,18517500.0,0.014165486209482566
2023-06-30,121.1,122.03,120.88,120.97,120.15,23871800.0,0.00950648921220142
2023-07-03,120.32,121.02,119.71,120.56,119.74,13888300.0,0.010865958858659607
2023-07-05,120.06,123.37,120.06,122.63,121.8,17830300.0,0.026991763842452925
2023-07-06,120.64,121.15,119.25,120.93,120.11,17732500.0,0.015711568676093655
2023-07-07,120.89,121.75,120.09,120.14,119.32,20997700.0,0.013817213251206897
2023-07-10,119.07,119.07,116.64,116.87,116.08,32960100.0,0.02079233336185499
2023-07-11,116.76,118.22,115.83,117.71,116.91,18286600.0,0.020304137286551702
2023-07-12,119.3,120.96,119.0,119.62,118.81,22059600.0,0.016385219862899127
2023-07-13,121.54,125.33,121.06,124.83,123.98,31535900.0,0.03420652086838097
2023-07-14,125.13,127.09,124.9,125.7,124.85,20499800.0,0.017422434367541748
2023-07-17,126.06,127.28,124.5,125.06,124.21,20675300.0,0.022229329921637623
2023-07-18,124.9,124.99,123.3,124.08,123.24,21045800.0,0.013620245003223709
2023-07-19,124.79,125.47,122.47,122.78,121.95,22313800.0,0.024433946896888745
2023-07-20,122.12,124.7,118.68,119.53,118.72,27541700.0,0.050363925374382966
2023-07-21,120.87,121.3,119.07,120.31,119.49,56514600.0,0.018535450087274575
2023-07-24,121.93,123.35,121.38,121.88,121.05,22276100.0,0.016163439448637996
2023-07-25,121.88,123.69,121.53,122.79,121.96,31820800.0,0.017591009039824062
2023-07-26,130.36,131.37,128.71,129.66,128.78,46216900.0,0.02051519358321762
2023-07-27,131.8,133.6,129.18,129.87,128.99,35931600.0,0.03403403403403393
2023-07-28,130.97,134.07,130.92,133.01,132.11,26971000.0,0.02368242989248933
2023-07-31,133.01,133.83,132.13,133.11,132.21,18381900.0,0.012771392081737037
2023-08-01,130.85,132.92,130.75,131.89,130.99,22154300.0,0.016453104860110604
2023-08-02,129.84,130.42,127.85,128.64,127.77,22705800.0,0.01997823383084572
2023-08-03,128.37,129.77,127.78,128.77,127.89,15018100.0,0.01545391007222186
2023-08-04,129.6,131.93,128.32,128.54,127.67,20521900.0,0.028084642912712104
2023-08-07,129.51,132.06,129.43,131.94,131.04,17621000.0,0.019933303016522626
2023-08-08,130.98,131.94,130.13,131.84,130.94,16836000.0,0.013728762135922347
2023-08-09,132.19,132.47,129.51,130.15,129.27,17745200.0,0.022742988859008897
2023-08-10,131.97,132.65,130.04,130.21,129.33,17855700.0,0.0200445434298442
2023-08-11,129.2,130.44,128.75,130.17,129.29,15205500.0,0.012983022201736175
2023-08-14,129.85,131.91,129.59,131.83,130.93,17526200.0,0.01759842221042246
2023-08-15,131.59,131.99,129.82,130.27,129.38,14769200.0,0.016657710908114038
2023-08-16,129.28,130.9,128.46,129.11,128.23,17548400.0,0.01889861358531483
2023-08-17,130.45,132.49,129.85,130.46,129.57,23665600.0,0.020236087689713435
2023-08-18,129.06,129.83,127.0,128.11,127.24,23627200.0,0.022090391070174166
2023-08-21,127.85,129.26,127.16,128.93,128.05,21851100.0,0.01628790816722248
2023-08-22,129.13,130.95,128.93,129.69,128.81,15557900.0,0.015575603361862764
2023-08-23,130.85,134.07,130.51,133.21,132.3,26497000.0,0.02672472036633888
2023-08-24,134.73,134.97,130.3,130.42,129.53,18680400.0,0.0358073915043704
2023-08-25,130.14,131.4,128.04,130.69,129.8,20678100.0,0.025709694697375572
2023-08-28,132.08,133.24,130.85,131.79,130.89,16715500.0,0.01813491160179084
2023-08-29,133,137.29,132.98,135.49,134.57,30803300.0,0.0318104657170271
2023-08-30,135.57,137.25,135.02,136.93,136.0,21773400.0,0.016285693419995542
2023-08-31,137.05,138.4,136.82,137.35,136.42,28147900.0,0.011503458318165363
2023-09-01,138.43,138.58,135.94,136.8,135.87,16671600.0,0.019298245614035193
2023-09-05,136.44,137.37,135.56,136.71,135.78,17730200.0,0.013239704483944131
2023-09-06,137.01,137.48,134.69,135.37,134.45,15814300.0,0.02061017950801501
2023-09-07,134.6,136.58,133.96,136.2,135.27,16976000.0,0.019236417033773896
2023-09-08,135.87,137.51,135.87,137.2,136.27,17810700.0,0.011953352769679201
2023-09-11,137.38,138.26,136.55,137.74,136.8,17180800.0,0.012414694351676924
2023-09-12,137.13,137.64,135.93,136.07,135.15,15212900.0,0.012567061071507162
2023-09-13,135.9,137.7,134.93,137.5,136.57,16394900.0,0.020145454545454414
2023-09-14,138.39,139.55,137.06,138.99,138.05,19064600.0,0.017914957910641117
2023-09-15,138.8,139.36,137.18,138.3,137.36,48958800.0,0.01576283441793208
2023-09-18,137.63,139.93,137.63,138.96,138.02,16233600.0,0.016551525618883213
2023-09-19,138.25,139.18,137.5,138.83,137.89,15479100.0,0.012101130879492952
2023-09-20,138.83,138.84,134.52,134.59,133.68,21473500.0,0.03209748123931936
2023-09-21,132.39,133.19,131.09,131.36,130.47,22058400.0,0.01598660170523747
2023-09-22,131.68,133.01,130.51,131.25,130.36,17348700.0,0.01904761904761905
2023-09-25,130.77,132.22,130.03,132.17,131.27,14650000.0,0.016569569493833685
2023-09-26,130.91,131.4,128.19,129.45,128.57,20378800.0,0.02479721900347631
2023-09-27,129.44,131.72,129.38,131.46,130.57,18764200.0,0.01780009128251942
2023-09-28,130.69,134.18,130.69,133.13,132.23,18201400.0,0.026214977841207913
2023-09-29,134.08,134.89,131.32,131.85,130.95,23237300.0,0.02707622298065979
2023-10-02,132.15,135.36,132.07,135.17,134.25,19210400.0,0.024339720352149298
2023-10-03,134.93,135.24,132.82,133.3,132.39,19628700.0,0.01815453863465878
2023-10-04,133.66,136.57,133.43,136.27,135.34,22848000.0,0.023042489175900682
2023-10-05,136.13,136.5,134.46,135.99,135.07,15922900.0,0.015001103022280991
2023-10-06,134.94,139.19,134.94,138.73,137.79,20826700.0,0.030635046493188208
2023-10-09,137.99,139.97,136.7,139.5,138.55,16599100.0,0.023440860215053837
2023-10-10,139.51,140.74,138.43,139.2,138.25,19554900.0,0.016594827586206916
2023-10-11,139.85,142.22,139.84,141.7,140.74,20146300.0,0.01679604798870851
2023-10-12,142.16,142.38,139.45,140.29,139.34,18173100.0,0.020885309002780007
2023-10-13,140.65,141.34,137.97,138.58,137.64,19438700.0,0.024318083417520595
2023-10-16,139.73,140.9,139.32,140.49,139.54,17345600.0,0.01124635205352703
2023-10-17,140.03,141.25,138.53,140.99,140.03,17424000.0,0.019292148379317673
2023-10-18,140.75,141.99,138.71,139.28,138.33,18304900.0,0.023549684089603683
2023-10-19,139.8,141.01,138.6,138.98,138.04,21831200.0,0.017340624550294982
2023-10-20,138.59,139.04,136.24,136.74,135.81,24970300.0,0.020476817317536804
2023-10-23,136.23,139.02,135.11,137.9,136.96,20780700.0,0.02835387962291513
2023-10-24,139.16,140.71,138.75,140.12,139.17,26535200.0,0.013988010276905567
2023-10-25,129.77,130.1,126.09,126.67,125.81,58796100.0,0.031657061656272134
2023-10-26,124.47,125.46,122.32,123.44,122.6,33907400.0,0.025437459494491256
2023-10-27,124.03,124.44,121.46,123.4,122.56,37367700.0,0.02414910858995141
2023-10-30,124.46,126.55,123.88,125.75,124.9,24165600.0,0.021232604373757468
2023-10-31,126.27,126.56,123.93,125.3,124.45,21123400.0,0.02098962490023939
2023-11-01,125.34,127.74,124.93,127.57,126.7,26536600.0,0.022027122364192117
2023-11-02,129.56,130.09,128.11,128.58,127.71,24091700.0,0.015398973401773134
2023-11-03,129.09,130.73,129.01,130.37,129.48,19529400.0,0.013193219298918453
2023-11-06,130.22,131.56,129.93,131.45,130.56,15360400.0,0.01240015214910609
2023-11-07,131.98,133.28,131.14,132.4,131.5,19223800.0,0.016163141993957814
2023-11-08,132.36,133.54,132.16,133.26,132.35,15093600.0,0.010355695632597896
2023-11-09,133.36,133.96,131.51,131.69,130.79,17976500.0,0.01860429797251133
2023-11-10,131.53,134.27,130.87,134.06,133.15,20872900.0,0.025361778308220242
2023-11-13,133.36,134.11,132.77,133.64,132.73,16409900.0,0.010026938042502272
2023-11-14,135.65,137.24,135.1,135.43,134.51,22317300.0,0.015801521081001364
2023-11-15,136.64,136.84,135.33,136.38,135.45,15840900.0,0.011072004692770135
2023-11-16,136.96,138.88,136.08,138.7,137.76,17615100.0,0.020187454938716532
2023-11-17,137.82,138.0,135.48,136.94,136.01,25565300.0,0.01840221995034329
2023-11-20,135.5,138.43,135.49,137.92,136.98,19569400.0,0.0213167053364269
2023-11-21,137.94,138.96,137.71,138.62,137.68,17648100.0,0.009017457798297504
2023-11-22,139.1,141.1,139.0,140.02,139.07,17306400.0,0.014997857448935824
2023-11-24,139.54,139.68,137.47,138.22,137.28,8828600.0,0.01598900303863412
2023-11-27,137.57,139.63,137.54,138.05,137.11,17886400.0,0.01513944223107572
2023-11-28,137.63,138.66,137.04,138.62,137.68,17046900.0,0.011686625306593597
2023-11-29,138.99,139.67,136.29,136.4,135.47,21014700.0,0.02478005865102636
2023-11-30,136.4,136.96,132.79,133.92,133.01,29913500.0,0.03113799283154134
2023-12-01,133.32,133.5,132.15,133.32,132.41,24268000.0,0.010126012601260084
2023-12-04,131.29,131.45,129.4,130.63,129.74,24117100.0,0.01569317920845122
2023-12-05,130.37,133.54,129.73,132.39,131.49,19235100.0,0.02877860865624294
2023-12-06,132.9,133.31,131.31,131.43,130.54,16360600.0,0.015217225899718481
2023-12-07,136.6,140.0,136.23,138.45,137.51,38419400.0,0.027230046948356883
2023-12-08,135.66,137.99,135.57,136.64,135.71,23016100.0,0.01771077283372377
2023-12-11,133.82,134.79,132.89,134.7,133.78,24502900.0,0.014105419450631075
2023-12-12,133.27,134.54,132.83,133.64,132.73,26584000.0,0.012795570188566146
2023-12-13,134.54,134.78,132.95,133.97,133.06,25414500.0,0.013659774576397794
2023-12-14,134.77,135.04,131.06,133.2,132.29,29619100.0,0.029879879879879806
2023-12-15,132.92,134.83,132.63,133.84,132.93,58594000.0,0.016437537358039576
2023-12-18,133.86,138.38,133.77,137.19,136.26,25699800.0,0.0336030322909832
2023-12-19,138,138.77,137.45,138.1,137.16,20661000.0,0.009558291093410729
2023-12-20,140.33,143.08,139.41,139.66,138.71,33507300.0,0.026278103966776573
2023-12-21,140.77,142.03,140.47,141.8,140.84,18101500.0,0.011001410437235558
2023-12-22,142.13,143.25,142.05,142.72,141.75,18513500.0,0.008408071748878844
2023-12-26,142.98,143.95,142.5,142.82,141.85,11170100.0,0.010152639686318363
2023-12-27,142.83,143.32,141.05,141.44,140.48,17288400.0,0.01604920814479625
2023-12-28,141.85,142.27,140.83,141.28,140.32,12192500.0,0.010192525481313688
2023-12-29,140.68,141.43,139.9,140.93,139.97,14881000.0,0.01085645355850423
2024-01-02,139.6,140.62,137.74,139.56,138.61,20071900.0,0.020636285468615616
2024-01-03,138.6,141.09,138.43,140.36,139.41,18974300.0,0.01895126816756908
2024-01-04,139.85,140.63,138.01,138.04,137.1,18253300.0,0.01898000579542165
2024-01-05,138.35,138.81,136.85,137.39,136.46,15439500.0,0.014265958221122413
2024-01-08,138,140.64,137.88,140.53,139.57,17645300.0,0.01963993453355149
2024-01-09,140.06,142.8,139.79,142.56,141.59,19579700.0,0.021113916947250417
2024-01-10,142.52,144.52,142.46,143.8,142.82,16641900.0,0.014325452016689862
2024-01-11,144.9,146.66,142.21,143.67,142.69,17471100.0,0.030973759309528705
2024-01-12,144.34,144.74,143.36,144.24,143.26,13998700.0,0.009567387687187987
2024-01-16,143.43,145.84,143.06,144.08,143.1,19198900.0,0.019294836202109946
2024-01-17,142.91,143.41,140.51,142.89,141.92,17884500.0,0.020295332073623107
2024-01-18,143.44,145.59,143.35,144.99,144.0,18876800.0,0.015449341333885157
2024-01-19,146.3,148.04,145.8,147.97,146.96,27181000.0,0.015138203689937018
2024-01-22,148.71,150.01,147.58,147.71,146.71,21829200.0,0.016451154288809007
2024-01-23,147.72,148.86,147.19,148.68,147.67,14113600.0,0.011232176486413881
2024-01-24,150.29,151.57,149.84,150.35,149.33,19245000.0,0.011506484868639772
2024-01-25,151.74,154.76,151.22,153.64,152.6,21495100.0,0.02304087477219469
2024-01-26,152.87,154.11,152.8,153.79,152.74,19494500.0,0.008518109109825102
2024-01-29,153.64,155.2,152.92,154.84,153.79,20909300.0,0.014724877292689235
2024-01-30,154.01,155.04,152.77,153.05,152.01,26578900.0,0.014831754328650647
2024-01-31,145.39,145.59,141.55,141.8,140.84,43908600.0,0.028490832157968913
2024-02-01,143.69,144.62,142.26,142.71,141.74,25526900.0,0.01653703314413856
2024-02-02,140.89,143.88,138.17,143.54,142.56,42136100.0,0.039779852305977484
2024-02-05,144.04,146.67,143.91,144.93,143.94,29254400.0,0.01904367625750356
2024-02-06,145.96,146.74,144.52,145.41,144.42,21517700.0,0.015267175572519076
2024-02-07,146.12,147.0,145.21,146.68,145.68,21436100.0,0.012203436051268012
2024-02-08,146.97,147.61,146.42,147.22,146.22,18241300.0,0.00808314087759833
2024-02-09,147.95,150.7,147.43,150.22,149.2,21877700.0,0.021768073492211302
2024-02-12,149.54,150.59,148.56,148.73,147.72,17236100.0,0.01364889396893701
2024-02-13,146.07,148.04,145.11,146.37,145.38,18138500.0,0.020017763202841963
2024-02-14,147.37,147.83,145.55,147.14,146.14,16651800.0,0.015495446513524544
2024-02-15,144.46,144.76,141.88,143.94,142.96,26724300.0,0.020008336807002886
2024-02-16,144.21,144.48,141.52,141.76,140.8,21865100.0,0.020880361173814754
2024-02-20,140.94,143.33,140.8,142.2,141.23,18625600.0,0.017791842475386788
2024-02-21,142.64,143.98,141.91,143.84,142.86,16440800.0,0.014390989988876482
2024-02-22,146.12,146.2,144.01,145.32,144.33,23024700.0,0.01507018992568124
2024-02-23,144.97,145.96,144.79,145.29,144.3,14519400.0,0.008052859797646196
2024-02-26,143.45,143.84,138.74,138.75,137.81,33513000.0,0.036756756756756714
2024-02-27,139.41,140.49,138.5,140.1,139.15,22364000.0,0.014204139900071444
2024-02-28,139.1,139.28,136.64,137.43,136.5,30628700.0,0.01920977952412148
2024-02-29,138.35,139.95,137.57,139.78,138.83,35485000.0,0.017026756331377846
2024-03-01,139.61,140.0,137.98,138.08,137.14,28551500.0,0.014629200463499494
2024-03-04,136.54,136.63,132.86,134.2,133.29,43571500.0,0.02809239940387468
2024-03-05,132.74,134.02,131.55,133.78,132.87,28447600.0,0.0184631484526835
2024-03-06,134.24,134.74,131.95,132.56,131.66,23175200.0,0.021047073023536665
2024-03-07,133.89,135.82,132.66,135.24,134.32,24107300.0,0.023365868086364955
2024-03-08,135.04,138.99,134.8,136.29,135.36,26495200.0,0.03074326803140361
2024-03-11,137.07,139.98,137.07,138.94,138.0,22536400.0,0.020944292500359844
2024-03-12,138.25,140.28,138.21,139.62,138.67,19019700.0,0.01482595616673824
2024-03-13,140.06,142.19,140.01,140.77,139.81,19637000.0,0.015486254173474509
2024-03-14,142.3,144.73,141.49,144.34,143.36,36117900.0,0.022447000138561594
2024-03-15,143.41,144.34,141.13,142.17,141.2,41039500.0,0.022578603080818795
2024-03-18,149.37,152.93,148.14,148.48,147.47,47676700.0,0.03226023706896566
2024-03-19,148.98,149.62,147.01,147.92,146.91,17748400.0,0.017644672796106098
2024-03-20,148.79,149.76,147.66,149.68,148.66,17730000.0,0.014029930518439298
2024-03-21,150.32,151.3,148.01,148.74,147.73,19843900.0,0.022119134059432704
2024-03-22,150.24,152.56,150.09,151.77,150.74,19252900.0,0.016274626078935223
2024-03-25,150.95,151.46,148.8,151.15,150.12,15114700.0,0.01759841217333772
2024-03-26,151.24,153.2,151.03,151.7,150.67,19312700.0,0.014304548450889833
2024-03-27,152.15,152.69,150.13,151.94,150.91,16622000.0,0.016848756087929462
2024-03-28,152,152.67,151.33,152.26,151.23,21105600.0,0.008800735583869533
2024-04-01,151.83,157.0,151.65,156.5,155.44,24469800.0,0.03418530351437696
2024-04-02,154.75,155.99,153.46,155.87,154.81,17598100.0,0.016231474947071285
2024-04-03,154.92,156.55,154.13,156.37,155.31,17266200.0,0.015476114344183767
2024-04-04,155.08,156.18,151.88,151.94,150.91,24184800.0,0.028300644991444066
2024-04-05,151.68,154.84,151.08,153.94,152.89,16297300.0,0.024425100688579907
2024-04-08,154.01,156.65,153.99,156.14,155.08,16641500.0,0.017035993339310853
2024-04-09,157.35,159.89,156.64,158.14,157.07,21521500.0,0.020551410142911345
2024-04-10,157.88,158.16,156.2,157.66,156.59,16339200.0,0.012431815298744184
2024-04-11,158.34,161.12,157.93,160.79,159.7,17841700.0,0.019839542260090787
2024-04-12,159.4,161.7,158.6,159.19,158.11,16989800.0,0.019473585024184902
2024-04-15,160.28,160.83,156.15,156.33,155.27,21140900.0,0.029936672423719096
2024-04-16,155.64,157.23,155.05,156.0,154.94,15413200.0,0.013974358974358836
2024-04-17,157.19,158.68,156.13,156.88,155.81,16237800.0,0.016254462009179065
2024-04-18,156.93,158.49,156.21,157.46,156.39,14016100.0,0.014479867902959489
2024-04-19,157.75,157.99,153.91,155.72,154.66,21479900.0,0.026200873362445497
2024-04-22,156.01,159.18,155.66,157.95,156.88,17243900.0,0.022285533396644575
2024-04-23,158.59,160.48,157.96,159.92,158.83,16115400.0,0.015757878939469623
2024-04-24,159.09,161.39,158.82,161.1,160.01,19485700.0,0.01595282433271256
2024-04-25,153.36,158.28,152.77,157.95,156.88,36197800.0,0.03488445710667928
2024-04-26,175.99,176.42,171.4,173.69,172.51,56500800.0,0.02890206690080017
2024-04-29,170.77,171.38,167.06,167.9,166.76,35914600.0,0.025729600952948142
2024-04-30,167.38,169.87,164.5,164.64,163.52,29420800.0,0.03261661807580178
2024-05-01,166.18,168.81,164.9,165.57,164.44,25223200.0,0.023615389261339596
2024-05-02,166.67,168.53,165.69,168.46,167.32,17041100.0,0.016858601448415073
2024-05-03,169.54,169.85,164.98,168.99,167.84,22767100.0,0.028818273270607753
2024-05-06,169.22,169.9,167.89,169.83,168.68,15147900.0,0.01183536477654136
2024-05-07,170.12,173.47,170.0,172.98,171.8,21102400.0,0.020060122557521095
2024-05-08,170.75,171.91,170.52,171.16,170.0,14569900.0,0.008121056321570381
2024-05-09,171.15,172.44,169.93,171.58,170.41,11937700.0,0.014628744608928726
2024-05-10,169.69,171.34,167.91,170.29,169.13,18740500.0,0.020142110517352794
2024-05-13,165.85,170.95,165.76,170.9,169.74,19648600.0,0.030368636629607943
2024-05-14,171.59,172.78,170.42,171.93,170.76,18729500.0,0.013726516605595379
2024-05-15,172.3,174.05,172.03,173.88,172.7,20958200.0,0.011617207269381242
2024-05-16,174.6,176.34,174.05,175.43,174.24,17247300.0,0.013053639628341742
2024-05-17,175.55,177.49,174.98,177.29,176.08,16546400.0,0.014157594901009755
2024-05-20,177.31,179.95,177.23,178.46,177.25,17495100.0,0.015241510702678464
2024-05-21,178.4,179.82,177.31,179.54,178.32,14706000.0,0.013980171549515379
2024-05-22,178.4,178.85,176.78,178.0,176.79,16189400.0,0.01162921348314603
2024-05-23,178.78,179.91,174.54,175.06,173.87,14928400.0,0.0306751970752885
2024-05-24,176.52,177.3,175.2,176.33,175.13,11403600.0,0.011909487892020771
2024-05-28,175.74,178.51,175.68,178.02,176.81,15655300.0,0.015897090214582542
2024-05-29,176.81,178.23,176.26,177.4,176.19,15023800.0,0.011104847801578346
2024-05-30,176.69,176.69,173.23,173.56,172.38,18826300.0,0.019935469002074255
2024-05-31,173.4,174.42,170.97,173.96,172.78,28085200.0,0.019832145320763328
2024-06-03,173.88,175.86,172.45,174.42,173.23,20742800.0,0.01955051026258471
2024-06-04,174.45,175.19,173.22,175.13,173.94,14066600.0,0.011248786615656934
2024-06-05,176.54,177.97,175.29,177.07,175.87,15233900.0,0.015135257242898327
2024-06-06,177.43,178.71,177.21,178.35,177.14,14255800.0,0.008410428931875526
2024-06-07,178.46,179.42,175.79,175.95,174.75,14716300.0,0.02063086104006818
2024-06-10,176.45,178.47,174.38,176.63,175.63,17099800.0,0.02315574930645985
2024-06-11,177.72,178.39,175.44,178.19,177.18,14402400.0,0.016555362253774
2024-06-12,179.75,182.08,177.78,179.56,178.54,18600400.0,0.023947427043885115
2024-06-13,177.84,178.51,176.66,176.74,175.74,15956900.0,0.010467353174154093
2024-06-14,175.85,178.73,175.85,178.37,177.36,12361600.0,0.016146212928182965
2024-06-17,176.98,179.92,176.49,178.78,177.77,15272900.0,0.01918559122944389
2024-06-18,178.79,178.91,175.62,176.45,175.45,15640300.0,0.018645508642674936
2024-06-20,176.71,178.74,176.46,177.71,176.7,16753200.0,0.012829891396094768
2024-06-21,178.49,182.51,178.06,180.26,179.24,58903200.0,0.02468656385221341
2024-06-24,181.28,182.08,180.23,180.79,179.77,18198300.0,0.010232866862105332
2024-06-25,181.15,185.75,181.1,185.58,184.53,18797000.0,0.025056579372777266
2024-06-26,184.2,185.93,183.99,185.37,184.32,13375700.0,0.010465555375735004
2024-06-27,185.65,187.5,185.45,186.86,185.8,13025700.0,0.010970780263298787
2024-06-28,185.72,186.58,183.32,183.42,182.38,23032400.0,0.01777341620324948
2024-07-01,184.48,185.34,182.73,184.49,183.44,11815900.0,0.01414710824434936
2024-07-02,183.47,186.95,183.06,186.61,185.55,12555500.0,0.02084561384706064
2024-07-03,186.3,187.62,185.38,187.39,186.33,7409100.0,0.01195367949196867
2024-07-05,187.32,192.26,187.32,191.96,190.87,14303400.0,0.02573452802667221
2024-07-08,191.37,191.68,189.32,190.48,189.4,12097600.0,0.012389752204955973
2024-07-09,191.75,192.86,190.23,190.44,189.36,10198500.0,0.0138101239235456
2024-07-10,190.75,193.31,190.62,192.66,191.57,12052900.0,0.013962420845011926
2024-07-11,191.34,192.41,186.82,187.3,186.24,16452000.0,0.029845168179391368
2024-07-12,186.92,188.69,186.14,186.78,185.72,14449100.0,0.01365242531320276
2024-07-15,186.49,189.9,186.49,188.19,187.12,12186000.0,0.018119985121419824
2024-07-16,188.96,190.34,185.12,185.5,184.45,12760100.0,0.028140161725067378
2024-07-17,184.68,185.23,181.62,182.62,181.59,17376600.0,0.01976782389661584
2024-07-18,183.54,184.05,178.21,179.22,178.2,17877200.0,0.03258564892311128
2024-07-19,180.37,181.97,178.86,179.39,178.37,14485900.0,0.017336529349461983
2024-07-22,182.35,184.3,181.9,183.35,182.31,16303900.0,0.013089719116443991
2024-07-23,183.84,185.22,183.33,183.6,182.56,23772600.0,0.010294117647058749
2024-07-24,175.39,177.95,173.57,174.37,173.38,31250700.0,0.02511899982795203
2024-07-25,174.25,175.2,169.05,169.16,168.2,28967900.0,0.03635611255615972
2024-07-26,168.77,169.84,165.87,168.68,167.72,25150100.0,0.02353568887834953
2024-07-29,170.5,172.16,169.72,171.13,170.16,13768900.0,0.014258166306316822
2024-07-30,171.83,172.95,170.12,171.86,170.89,13681400.0,0.016466891655998975
2024-07-31,174.92,175.91,171.72,173.15,172.17,15650200.0,0.024198671671960714
2024-08-01,171.98,175.68,170.51,172.45,171.47,17177800.0,0.029979704262105052
2024-08-02,168.19,170.21,166.39,168.4,167.45,18907800.0,0.022684085510688963
2024-08-05,157.37,165.94,156.6,160.64,159.73,34907800.0,0.05814243027888449
2024-08-06,160.95,162.35,158.13,160.54,159.63,36146500.0,0.026286283792201316
2024-08-07,163.24,164.79,160.24,160.75,159.84,19334200.0,0.02830482115085526
2024-08-08,162.34,165.5,162.03,163.84,162.91,15733600.0,0.021179199218749993
2024-08-09,161.65,165.52,160.93,165.39,164.45,13549200.0,0.02775258479956469
2024-08-12,165.99,166.7,163.55,163.95,163.02,12435000.0,0.019213174748398766
2024-08-13,165.18,166.54,164.77,165.93,164.99,12717600.0,0.010667148797685662
2024-08-14,164.21,164.96,159.53,162.03,161.11,22515900.0,0.03351231253471584
2024-08-15,162.21,163.52,161.49,163.17,162.25,18392500.0,0.012441012441012448
2024-08-16,163.41,166.95,163.08,164.74,163.81,16853100.0,0.023491562462061286
2024-08-19,167,168.47,166.09,168.4,167.45,13100800.0,0.014133016627078358
2024-08-20,168.74,170.41,168.66,168.96,168.0,12622500.0,0.01035748106060606
2024-08-21,166.99,168.64,166.57,167.63,166.68,15269600.0,0.012348624947801666
2024-08-22,169.04,169.42,165.03,165.49,164.55,19123800.0,0.02652728261526368
2024-08-23,166.55,167.95,165.66,167.43,166.48,14281600.0,0.013677357701726046
2024-08-26,168.15,169.38,166.32,167.93,166.98,11990300.0,0.018221878163520527
2024-08-27,167.61,168.24,166.16,166.38,165.44,13718200.0,0.012501502584445321
2024-08-28,166.78,167.39,163.28,164.5,163.57,15208700.0,0.02498480243161085
2024-08-29,166.06,167.63,161.98,163.4,162.47,17133800.0,0.03457772337821301
2024-08-30,164.22,165.28,163.41,165.11,164.17,18498800.0,0.011325782811459054
2024-09-03,163.32,163.38,157.85,158.61,157.71,26533100.0,0.034865393102578655
2024-09-04,158.07,160.4,157.44,157.81,156.92,17410700.0,0.018756732779925275
2024-09-05,157.78,161.01,157.52,158.6,157.7,14139500.0,0.022005044136191556
2024-09-06,158.69,159.22,151.93,152.13,151.27,24999100.0,0.04791954249654895
2024-09-09,153.63,154.64,148.2,149.54,148.89,28057700.0,0.0430654005617226
2024-09-10,151.45,152.3,149.54,150.01,149.36,20401800.0,0.01839877341510579
2024-09-11,151.09,152.48,148.7,152.15,151.49,18991500.0,0.02484390404206376
2024-09-12,154.81,155.61,153.5,155.54,154.86,20980800.0,0.013565642278513654
2024-09-13,156.36,159.27,156.11,158.37,157.68,16733900.0,0.01995327397865755
2024-09-16,158.33,159.24,157.61,158.99,158.3,14157600.0,0.010252217120573592
2024-09-17,160.09,161.59,159.41,160.28,159.58,12064800.0,0.013601197903668623
2024-09-18,160.85,161.63,159.66,160.81,160.11,16756500.0,0.012250481935203027
2024-09-19,164.82,164.99,162.52,163.24,162.53,17548200.0,0.015131095319774556
2024-09-20,164.52,164.75,163.18,164.64,163.92,46362700.0,0.009535957240038832
2024-09-23,165.34,166.61,162.95,163.07,162.36,15648400.0,0.022444349052554272
2024-09-24,164.25,164.55,162.03,163.64,162.93,18774100.0,0.01539965778538261
2024-09-25,162.97,164.22,162.77,162.99,162.28,13607900.0,0.008896251303760897
2024-09-26,165.03,165.5,163.5,163.83,163.12,18234500.0,0.012207776353537203
2024-09-27,163.91,166.97,163.83,165.29,164.57,13604300.0,0.018996914513884605
2024-09-30,164.78,167.36,164.64,167.19,166.46,14070100.0,0.01626891560500046
2024-10-01,168.86,170.44,165.9,168.42,167.69,18629500.0,0.02695641847761544
2024-10-02,167.76,168.88,166.25,167.31,166.58,12745000.0,0.015719323411631077
2024-10-03,165.82,167.91,165.37,167.21,166.48,11004300.0,0.015190479038334979
2024-10-04,169.34,169.55,166.96,168.56,167.83,11422100.0,0.01536544850498341
2024-10-07,169.14,169.9,164.13,164.39,163.67,14034700.0,0.03509945860453805
2024-10-08,165.43,166.1,164.31,165.7,164.98,11723900.0,0.010802655401327653
2024-10-09,164.85,166.26,161.12,163.06,162.35,19666400.0,0.03152213908990547
2024-10-10,162.11,164.31,161.64,163.18,162.47,12900500.0,0.01636229930138507
2024-10-11,163.33,165.27,162.5,164.52,163.8,10946000.0,0.016836858740578713
2024-10-14,164.91,167.62,164.78,166.35,165.63,9981800.0,0.01707243763149987
2024-10-15,167.14,169.09,166.05,166.9,166.17,14829300.0,0.018214499700419363
2024-10-16,166.03,167.28,165.22,166.74,166.01,9968500.0,0.012354563991843601
2024-10-17,167.38,167.93,164.37,164.51,163.79,15113400.0,0.02164002188316821
2024-10-18,164.87,166.37,164.75,165.05,164.33,13091300.0,0.009815207512874914
2024-10-21,164.58,166.22,164.3,165.8,165.08,11384000.0,0.011580217129071094
2024-10-22,164.7,167.47,164.67,166.82,166.09,11958600.0,0.016784558206450136
2024-10-23,166.43,167.6,163.63,164.48,163.76,12754300.0,0.024136673151750967
2024-10-24,164.59,165.05,162.77,164.53,163.81,12764400.0,0.013857655138880454
2024-10-25,165.37,167.4,165.23,166.99,166.26,14566400.0,0.012994790107192141
2024-10-28,170.59,170.61,165.79,168.34,167.61,20858300.0,0.028632529404776175
2024-10-29,169.38,171.86,168.66,171.14,170.39,28916100.0,0.018698141872151557
2024-10-30,182.41,183.79,175.74,176.14,175.37,49698300.0,0.04570228227546261
2024-10-31,174.72,178.42,172.56,172.69,171.94,32801900.0,0.03393363831142501
2024-11-01,171.54,173.82,170.31,172.65,171.9,21752900.0,0.02033014769765416
2024-11-04,171.24,171.92,169.49,170.68,169.94,16194000.0,0.014237168971174
2024-11-05,170.83,172.1,170.37,171.41,170.66,12518300.0,0.010092760049005249
2024-11-06,175.35,178.64,175.04,178.33,177.55,27061500.0,0.020187293220433992
2024-11-07,179.11,182.58,178.89,182.28,181.49,16730400.0,0.020243581303489282
2024-11-08,182,182.35,179.57,179.86,179.08,15021500.0,0.015456466140331374
2024-11-11,180.07,182.09,179.99,181.97,181.18,12503400.0,0.011540363796230116
2024-11-12,181.38,184.02,180.99,183.32,182.52,14065800.0,0.016528474798167145
2024-11-13,182.15,182.62,180.12,180.49,179.7,13969700.0,0.013851182891018892
2024-11-14,179.75,180.45,176.03,177.35,176.58,17925800.0,0.024922469692697985
2024-11-15,175.64,175.88,172.74,173.89,173.13,21708900.0,0.018057392604520023
2024-11-18,174.96,176.91,174.42,176.8,176.03,18662800.0,0.01408371040723987
2024-11-19,175.24,180.17,175.12,179.58,178.8,15392900.0,0.028121171622675033
2024-11-20,178.83,179.11,175.33,177.33,176.56,15729800.0,0.021316190153950268
2024-11-21,175.46,175.58,165.31,169.24,168.5,38839400.0,0.06068305365161906
2024-11-22,167.16,168.26,165.71,166.57,165.84,24497000.0,0.015308879149906845
2024-11-25,167.99,170.46,167.4,169.43,168.69,21395700.0,0.018060555981821415
2024-11-26,169.49,171.49,169.43,170.62,169.88,14937500.0,0.012073613878794996
2024-11-27,170.68,171.14,169.67,170.82,170.08,12433400.0,0.008605549701440106
2024-11-29,170.06,170.87,168.75,170.49,169.75,9250700.0,0.012434746905976917
2024-12-02,170.32,173.6,170.27,172.98,172.23,16593400.0,0.019250780437044653
2024-12-03,173.12,174.32,172.51,173.02,172.27,15721500.0,0.010461218356259405
2024-12-04,172.78,176.43,172.75,176.09,175.32,18239800.0,0.0208984042251122
2024-12-05,177.32,177.71,174.01,174.31,173.55,16145500.0,0.02122655039871503
2024-12-06,173.88,176.84,173.55,176.49,175.72,13319500.0,0.01864128279222614
2024-12-09,175.71,178.04,175.4,177.1,176.53,19887800.0,0.01490683229813657
2024-12-10,184.54,188.03,182.67,186.53,185.93,34317400.0,0.028735324076556122
2024-12-11,186.7,196.89,186.26,196.71,196.08,41664500.0,0.05403894057241622
2024-12-12,196.3,196.71,193.28,193.63,193.0,25197800.0,0.017714197180189056
2024-12-13,192.71,194.34,191.26,191.38,190.76,18883200.0,0.01609363569861016
2024-12-16,194.37,200.64,194.11,198.16,197.52,32248600.0,0.03295316915623725
2024-12-17,198.53,202.88,196.69,197.12,196.48,24129500.0,0.031402191558441546
2024-12-18,196.83,198.69,189.28,190.15,189.54,27638400.0,0.049487246910333925
2024-12-19,193.28,194.6,189.52,189.7,189.09,26981200.0,0.0267791249341064
2024-12-20,187.01,194.13,186.37,192.96,192.34,45319700.0,0.04021558872305136
2024-12-23,194.03,196.49,191.63,195.99,195.36,15235900.0,0.024797183529771994
2024-12-24,196.17,197.67,195.2,197.57,196.93,6809800.0,0.012501898061446571
2024-12-26,196.74,198.16,195.87,197.1,196.46,7907900.0,0.011618467782851305
2024-12-27,196.47,196.8,191.97,194.04,193.41,14693000.0,0.024891774891774958
2024-12-30,190.87,193.78,190.36,192.69,192.07,12209500.0,0.017748715553479618
2024-12-31,192.45,193.25,189.58,190.44,189.83,14355200.0,0.019271161520688865
2025-01-02,191.49,193.2,188.71,190.63,190.01,17545200.0,0.02355348056444411
2025-01-03,192.73,194.5,191.35,193.13,192.51,12875000.0,0.016310257339615834
2025-01-06,195.15,199.56,195.06,197.96,197.32,19483300.0,0.022731865023237017
2025-01-07,198.27,202.14,195.94,196.71,196.08,16966800.0,0.03151847897920791
2025-01-08,193.95,197.64,193.75,195.39,194.76,14335300.0,0.01990890014842104
2025-01-10,195.42,197.62,191.6,193.17,192.55,20753800.0,0.03116425946057882
2025-01-13,191.35,192.49,188.66,192.29,191.67,13169100.0,0.0199178324405846
2025-01-14,192.5,193.27,189.64,191.05,190.43,13651200.0,0.019000261711593948
2025-01-15,194.35,197.8,193.33,196.98,196.34,12894900.0,0.02269265915321352
2025-01-16,195.82,196.98,194.3,194.41,193.78,13449600.0,0.013785299110127968
2025-01-17,198.05,198.81,195.31,197.55,196.91,22109100.0,0.01771703366236396
2025-01-21,200.51,203.84,199.44,199.63,198.99,19005200.0,0.022040775434553954
2025-01-22,200.55,202.12,199.2,200.03,199.38,15477400.0,0.014597810328450813
2025-01-23,199.98,201.94,196.82,199.58,198.94,15170800.0,0.02565387313358054
2025-01-24,199.85,202.57,199.78,201.9,201.25,12732400.0,0.013818722139673065
2025-01-27,194.19,198.67,192.7,193.77,193.14,24970200.0,0.030809722867316914
2025-01-28,194.65,197.23,192.61,197.07,196.43,15939200.0,0.023443446491094415
2025-01-29,197.37,198.46,195.19,197.18,196.54,12287800.0,0.016583832031646262
2025-01-30,199.76,203.24,199.47,202.63,201.98,14571500.0,0.01860533978186848
2025-01-31,203.71,207.08,203.58,205.6,204.94,17060300.0,0.017023346303501947
2025-02-03,202.21,205.22,201.66,202.64,201.99,16719500.0,0.01756810106592974
2025-02-04,204.5,208.7,204.26,207.71,207.04,28285400.0,0.021375956862933886
2025-02-05,193.1,194.55,189.91,193.3,192.68,43666400.0,0.02400413864459397
2025-02-06,190.99,193.83,190.49,193.31,192.69,20816600.0,0.0172779473384719
2025-02-07,192.74,193.01,185.1,187.14,186.54,29565700.0,0.042267820882761556
2025-02-10,189.06,189.99,187.61,188.2,187.59,16606000.0,0.012646121147715173
2025-02-11,186.84,188.8,186.08,187.07,186.47,13028100.0,0.014540011760303624
2025-02-12,185.23,186.83,183.63,185.43,184.83,17632300.0,0.01725718600010795
2025-02-13,185.93,187.99,184.88,187.88,187.27,12729300.0,0.016553119012135478
2025-02-14,186.83,188.15,186.11,186.87,186.27,12714200.0,0.010916680044950992
2025-02-18,187.44,187.78,183.58,185.8,185.2,19796000.0,0.022604951560818022
2025-02-19,186.18,187.36,185.5,187.13,186.53,13120500.0,0.009939614171966087
2025-02-20,186.5,187.12,184.6,186.64,186.04,12063800.0,0.013501928846978196
2025-02-21,187.29,187.47,181.13,181.58,180.99,19520800.0,0.03491573961890078
2025-02-24,183.8,185.09,180.88,181.19,180.61,18734000.0,0.02323527788509304
2025-02-25,180.15,180.76,176.77,177.37,176.8,20832500.0,0.022495348706094494
2025-02-26,176.95,178.08,173.59,174.7,174.14,23637200.0,0.0257012020606755
2025-02-27,175.94,176.59,169.75,170.21,169.66,25930500.0,0.04018565301686154
2025-02-28,170.3,172.5,168.39,172.22,171.66,30049800.0,0.023864824062246045
2025-03-03,173.73,175.0,167.64,168.66,168.12,24122000.0,0.04363808846199463
2025-03-04,167.94,175.16,167.54,172.61,172.05,30711400.0,0.044145762122704386
2025-03-05,172.32,175.75,170.93,174.99,174.43,18848000.0,0.027544431110349123
2025-03-06,172.55,176.73,172.51,174.21,173.65,19082400.0,0.024223638137879564
2025-03-07,173.24,176.9,172.25,175.75,175.18,16395300.0,0.026458036984352805
2025-03-10,170.16,170.45,165.57,167.81,167.46,28990700.0,0.029080507717060933
2025-03-11,166.68,168.65,163.24,165.98,165.63,23705900.0,0.03259428846849016
2025-03-12,168.47,169.53,165.48,169.0,168.65,19880100.0,0.023964497041420185
2025-03-13,167.98,168.12,164.07,164.73,164.39,15206200.0,0.024585685667455906
2025-03-14,165.32,168.25,164.51,167.62,167.27,18611100.0,0.022312373225152185
2025-03-17,167.32,168.46,165.81,166.57,166.22,17839100.0,0.015909227351864116
2025-03-18,165.96,166.44,158.8,162.67,162.33,24616800.0,0.04696625069158411
2025-03-19,163.91,168.13,163.05,166.28,165.93,24955700.0,0.03055087803704585
2025-03-20,163.82,167.03,163.14,165.05,164.7,19981500.0,0.02356861557103917
2025-03-21,163.38,166.47,163.03,166.25,165.9,29882100.0,0.020691729323308258
2025-03-24,169.26,170.5,167.44,169.93,169.57,18742800.0,0.018007414817866194
2025-03-25,171.18,172.91,170.55,172.79,172.43,13841600.0,0.013658197812373317
2025-03-26,171.3,171.94,166.86,167.14,166.79,22498000.0,0.03039368194328099
2025-03-27,166.71,167.44,163.85,164.08,163.74,21571200.0,0.021879570941004407
2025-03-28,162.36,163.81,155.34,156.06,155.73,34866500.0,0.05427399718057157
2025-03-31,154.81,157.13,152.21,156.23,155.9,33591600.0,0.031492030979965356
2025-04-01,155.3,160.08,155.26,158.88,158.55,20111400.0,0.030337361530715142
2025-04-02,156.96,160.27,156.53,158.86,158.53,17113300.0,0.02354274203701378
2025-04-03,152.84,154.69,152.18,152.63,152.31,28416100.0,0.01644499770687277
2025-04-04,149.9,153.09,147.54,147.74,147.43,39832200.0,0.03756599431433607
2025-04-07,143.39,154.93,142.66,149.24,148.93,47823000.0,0.08221656392388106
2025-04-08,153.57,154.44,145.21,146.58,146.27,35304400.0,0.06296902715240817
2025-04-09,146.33,161.87,145.81,161.06,160.72,46479500.0,0.09971439215199306
2025-04-10,158.76,160.03,152.2,155.37,155.04,35270500.0,0.05039582931067781
2025-04-11,155.59,159.86,155.59,159.4,159.07,22582000.0,0.026787954830614868
2025-04-14,162.31,164.03,159.92,161.47,161.13,18255900.0,0.025453644639871268
2025-04-15,161.57,162.05,157.65,158.68,158.35,15690800.0,0.02772876228888332
2025-04-16,155.47,158.18,153.91,155.5,155.17,16921500.0,0.02745980707395505
2025-04-17,156.61,157.07,150.9,153.36,153.04,19513400.0,0.040232133541992614
2025-04-21,150.96,151.06,148.4,149.86,149.55,16147800.0,0.01774989990657945
2025-04-22,151.07,154.61,150.87,153.9,153.58,15910300.0,0.024301494476933132
2025-04-23,157.91,160.02,156.35,157.72,157.39,18575700.0,0.023269084453461934
2025-04-24,158.52,161.71,158.09,161.47,161.13,30787500.0,0.022419025205920633
2025-04-25,167.1,168.24,163.0,163.85,163.51,35148100.0,0.031980469942020195
2025-04-28,164.26,164.95,160.38,162.42,162.08,20871200.0,0.028136928949636705
2025-04-29,162.04,162.68,159.39,162.06,161.72,15955200.0,0.020301123040849193
2025-04-30,159.86,161.37,157.15,160.89,160.55,20639500.0,0.02622910062775809
2025-05-01,162.52,163.94,160.93,162.79,162.45,21904300.0,0.018490079243196702
2025-05-02,164.96,166.7,163.66,165.81,165.46,16844900.0,0.018334237983233772
2025-05-05,164.51,167.1,164.47,166.05,165.7,15309300.0,0.015838602830472722
2025-05-06,163.96,166.74,163.13,165.2,164.85,10691900.0,0.021852300242130834
2025-05-07,166.07,166.99,149.49,152.8,152.48,78729800.0,0.11452879581151831
2025-05-08,155.92,157.41,154.1,155.75,155.42,38387500.0,0.021252006420545762
2025-05-09,155.55,156.43,153.83,154.38,154.06,22871000.0,0.016841559787537208
2025-05-12,159.1,160.44,157.89,159.58,159.25,31884900.0,0.01597944604587048
2025-05-13,159.92,162.06,157.58,160.89,160.55,24944300.0,0.027845111566909008
2025-05-14,161.31,168.34,160.93,166.81,166.46,31769200.0,0.044421797254361226
2025-05-15,167.14,167.51,163.84,165.4,165.05,22717600.0,0.022188633615477554
2025-05-16,168.93,170.65,166.95,167.43,167.08,36271400.0,0.02209878755300733
2025-05-19,165.71,167.95,165.41,167.87,167.52,21374700.0,0.015130755942098005
2025-05-20,167.76,169.68,164.26,165.32,164.97,33563300.0,0.03278490200822657
2025-05-21,164.95,174.53,164.89,170.06,169.7,45567600.0,0.056685875573327146
2025-05-22,173.35,178.13,171.88,171.98,171.62,45024100.0,0.03634143505058728
2025-05-23,170.28,171.21,169.26,169.59,169.24,24963600.0,0.01149831947638432
2025-05-27,171.3,174.29,171.21,173.98,173.62,24341300.0,0.017703184274054398
2025-05-28,173.98,176.48,173.01,173.38,173.02,25999200.0,0.020013842427038867
2025-05-29,175,175.4,171.78,172.96,172.6,21174700.0,0.02092969472710456
2025-05-30,172.41,173.44,168.52,172.85,172.49,36258300.0,0.028463986115128653
2025-06-02,169.01,171.06,168.65,170.37,170.01,24742900.0,0.014145682925397644
2025-06-03,168.87,169.8,166.68,167.71,167.36,25386700.0,0.01860354182815577
2025-06-04,168.28,169.58,167.79,169.39,169.04,18508700.0,0.010567329830568632
2025-06-05,171.62,172.36,169.35,169.81,169.45,25375400.0,0.01772569342206006
2025-06-06,172.3,175.83,172.3,174.92,174.55,22258100.0,0.020180654013263213
2025-06-09,175.87,177.91,175.66,177.63,177.47,18817600.0,0.01266677926026009
2025-06-10,177.76,182.45,176.48,180.01,179.85,32908000.0,0.03316482417643464
2025-06-11,181.23,181.75,178.0,178.79,178.63,18994400.0,0.020974327423233963
2025-06-12,177.48,178.13,176.11,176.97,176.81,17345900.0,0.011414364016499869
2025-06-13,173.58,178.34,173.57,175.88,175.72,20873200.0,0.02712076415738009
2025-06-16,175.9,178.24,175.82,177.94,177.78,18132500.0,0.01360008991794996
2025-06-17,177,178.71,175.94,177.23,177.07,17656100.0,0.01562940811375055
2025-06-18,177.28,177.82,172.84,173.98,173.82,32531800.0,0.028623979767789343
2025-06-20,174.87,175.37,166.27,167.73,167.58,55402600.0,0.054253860370834045
2025-06-23,167.32,168.48,163.33,166.01,165.86,36975600.0,0.031022227576651875
2025-06-24,167.68,169.25,166.91,167.74,167.59,27310300.0,0.013950160963395752
2025-06-25,168.65,173.36,168.56,171.49,171.34,23627400.0,0.027989970260656662
2025-06-26,173.38,174.65,170.86,174.43,174.27,25909100.0,0.0217279137762999
2025-06-27,174.63,178.84,172.71,178.27,178.11,74053100.0,0.034386043641667106
2025-06-30,180.79,181.58,175.5,177.39,177.23,43964600.0,0.03427476182422917
2025-07-01,176.8,177.22,174.66,176.91,176.75,25778500.0,0.014470634786049416
2025-07-02,176.54,179.93,176.09,179.76,179.6,19325900.0,0.02136181575433914
2025-07-03,179.82,180.77,178.19,180.55,180.39,13287400.0,0.014289670451398572
2025-07-07,180.13,180.34,176.64,177.56,177.4,20991400.0,0.020838026582563736
2025-07-08,178.78,178.79,173.92,175.16,175.0,24108600.0,0.027803151404430262
2025-07-09,176.11,180.28,173.88,177.66,177.5,31288000.0,0.036023865811099884
2025-07-10,176.67,179.59,175.74,178.7,178.54,24693700.0,0.021544487968662533
2025-07-11,177.91,182.61,177.54,181.31,181.15,23975700.0,0.027963157023881868
2025-07-14,182.07,184.73,180.71,182.81,182.65,20990400.0,0.021990044308298134
2025-07-15,183.94,185.41,182.39,183.1,182.94,23911600.0,0.016493719279082525
2025-07-16,184.32,185.34,183.08,183.77,183.61,21152600.0,0.01229798117211727
2025-07-17,183.12,185.19,181.5,184.7,184.54,21654400.0,0.01997834325933946
2025-07-18,186.62,187.36,184.73,185.94,185.77,21033400.0,0.01414434763902347
2025-07-21,187.1,191.26,187.05,191.15,190.98,24665000.0,0.022024588019879568
2025-07-22,192.42,193.36,188.49,192.11,191.94,26212900.0,0.025350059861537683
2025-07-23,192.36,193.36,190.18,191.51,191.34,34068100.0,0.016604877029920147
2025-07-24,198.11,198.97,191.95,193.2,193.03,45252100.0,0.036335403726708126
2025-07-25,192.93,195.27,192.13,194.08,193.91,31101800.0,0.016178895300906916
2025-07-28,194.41,194.82,191.85,193.42,193.25,25553500.0,0.015355185606452276
2025-07-29,193.3,196.66,192.99,196.43,196.25,31891600.0,0.018683500483632782
2025-07-30,196.3,198.48,195.56,197.44,197.26,21150500.0,0.014789303079416468
2025-07-31,196.6,196.83,192.08,192.86,192.69,27852000.0,0.02462926475163331
2025-08-01,189.78,191.62,188.7,189.95,189.78,21236700.0,0.015372466438536542
2025-08-04,191.18,196.08,190.92,195.75,195.58,23386000.0,0.02636015325670511
2025-08-05,195.54,198.7,194.68,195.32,195.15,19010200.0,0.020581609666188726
2025-08-06,195.25,197.38,194.47,196.92,196.74,15383700.0,0.014777574649603884
2025-08-07,197.71,198.37,195.22,197.28,197.1,14660600.0,0.015967153284671562
2025-08-08,197.98,203.43,197.9,202.09,201.91,24379900.0,0.027364045722202985
2025-08-11,201.55,202.16,199.8,201.63,201.45,16690200.0,0.011704607449288227
2025-08-12,202.1,205.13,201.4,204.16,203.98,19854000.0,0.01826998432601876
2025-08-13,204.98,205.43,198.64,203.03,202.85,19573000.0,0.03344333349751279
2025-08-14,202.56,205.42,202.32,203.82,203.64,17777100.0,0.015209498577175911
2025-08-15,204.72,207.33,202.09,204.91,204.73,21111400.0,0.025572202430335315
2025-08-18,205.07,206.14,203.41,204.29,204.11,13000200.0,0.013363356013510156
2025-08-19,203.9,204.29,200.93,202.49,202.31,13476600.0,0.01659341202034661
2025-08-20,201.68,202.17,197.46,200.19,200.01,13971700.0,0.02352764873370288
2025-08-21,200.72,203.36,200.4,200.62,200.44,11768900.0,0.014754261788455826
2025-08-22,203.96,209.23,202.13,206.72,206.54,25723700.0,0.034345975232198116
2025-08-25,207,211.09,205.95,209.16,208.97,22788800.0,0.02457448842991019
2025-08-26,208.37,208.46,206.45,207.95,207.76,23051000.0,0.00966578504448194
2025-08-27,206.46,209.57,206.39,208.21,208.02,15249000.0,0.015273041640651297
2025-08-28,207.84,212.9,207.6,212.37,212.18,20915700.0,0.024956443942176443
2025-08-29,211.27,215.34,210.97,213.53,213.34,24682200.0,0.020465508359481126
2025-09-02,208.99,212.37,206.96,211.99,211.8,28900100.0,0.025520071701495336
2025-09-03,226.48,231.8,225.12,231.1,230.89,72250300.0,0.02890523582864564
2025-09-04,230.15,232.77,226.76,232.66,232.45,32196000.0,0.025831685721654
2025-09-05,232.66,236.13,232.38,235.17,234.96,26127700.0,0.015945911468299528
2025-09-08,235.79,238.4,233.73,234.16,234.16,23128800.0,0.019943628288349915
2025-09-09,234.19,240.59,233.38,239.94,239.94,22854800.0,0.03004917896140705
2025-09-10,239.25,242.08,238.11,239.56,239.56,19990100.0,0.016572048756052758
2025-09-11,240.14,242.57,236.58,240.78,240.78,21308600.0,0.024877481518398456
2025-09-12,240.8,242.42,238.5,241.38,241.38,14536600.0,0.016239953600132518
2025-09-15,245.14,252.75,244.98,251.76,251.76,29935200.0,0.03086272640610109
2025-09-16,252.33,253.23,249.71,251.42,251.42,24493500.0,0.014000477288998416
2025-09-17,251.46,251.95,246.58,249.85,249.85,20491300.0,0.02149289573744237
2025-09-18,251.86,254.14,250.11,252.33,252.33,21166400.0,0.015971148892323435
2025-09-19,253.4,256.7,252.07,255.24,255.24,41616800.0,0.018139790001567135
2025-09-22,254.78,256.31,250.81,252.88,252.88,20079000.0,0.021749446377728566
2025-09-23,253.65,254.77,251.09,252.34,252.34,17521100.0,0.014583498454466224
2025-09-24,252.15,252.96,247.22,247.83,247.83,16958500.0,0.023161037808174995
2025-09-25,244.84,247.32,241.65,246.57,246.57,17379800.0,0.02299549823579506
2025-09-26,247.79,250.12,246.64,247.18,247.18,16594600.0,0.0140788089651267
2025-09-29,248.27,251.65,243.2,244.36,244.36,23157200.0,0.0345801276804715
2025-09-30,243.06,243.68,239.57,243.55,243.55,22541200.0,0.016875384931225677
2025-10-01,241.18,247.15,239.2,245.54,245.54,23967700.0,0.03237761668159981
2025-10-02,245.64,247.63,243.1,246.43,246.43,20657500.0,0.018382502130422435
2025-10-03,245.23,247.12,242.47,246.45,246.45,19941400.0,0.01886792452830191
2025-10-06,245.78,252.2,245.69,251.51,251.51,18309000.0,0.0258836626774283
2025-10-07,248.93,251.55,246.81,247.13,247.13,13811200.0,0.019180188564723057
2025-10-08,246.2,247.26,245.09,245.46,245.46,14136500.0,0.00884054428420104
2025-10-09,245.06,245.55,239.68,242.21,242.21,19375700.0,0.0242351678295694
2025-10-10,242.16,244.84,236.68,237.49,237.49,22449100.0,0.0343593414459556
2025-10-13,241.03,244.99,240.75,244.64,244.64,12465000.0,0.017331589274035355
2025-10-14,241.76,248.02,241.18,246.19,246.19,17705400.0,0.027783419310288816
2025-10-15,248.09,252.76,246.79,251.71,251.71,16048100.0,0.023717770450121165
2025-10-16,252.46,257.58,250.67,251.88,251.88,18946000.0,0.02743369858662854
2025-10-17,251.35,254.88,248.59,253.79,253.79,17653800.0,0.02478427045982896
2025-10-20,255.23,257.88,254.6,257.02,257.02,13726800.0,0.01276165278966618
2025-10-21,255.25,255.38,244.67,251.34,251.34,27836400.0,0.042611601814275514
2025-10-22,255.01,257.18,250.45,252.53,252.53,19650200.0,0.026650298974379354
2025-10-23,253.7,255.86,252.77,253.73,253.73,13241300.0,0.012178299767469371
2025-10-24,257.3,262.51,256.1,260.51,260.51,18406000.0,0.024605581359640583
2025-10-27,265.36,270.8,264.94,269.93,269.93,22987700.0,0.021709332049049804
2025-10-28,270.2,271.38,267.17,268.43,268.43,20101200.0,0.015683790932459037
2025-10-29,268.61,275.97,268.43,275.17,275.17,26287900.0,0.02740124286804528
2025-10-30,291.72,291.93,280.45,281.9,281.9,48570000.0,0.04072366087264994
2025-10-31,283.2,286.29,277.52,281.82,281.82,29932800.0,0.03111915406997388
2025-11-03,282.42,285.94,280.37,284.12,284.12,19691800.0,0.01960439251020693
2025-11-04,277.07,281.83,276.86,278.06,278.06,18123700.0,0.01787384017837866
2025-11-05,279.38,286.7,277.88,284.75,284.75,20063200.0,0.030974539069359062
2025-11-06,285.73,288.81,281.62,285.34,285.34,23103800.0,0.025198009392303912
2025-11-07,284.21,284.5,275.74,279.7,279.7,21991100.0,0.03131927064712189
2025-11-10,285.27,291.46,283.54,290.59,290.59,19508200.0,0.027254895213186827
2025-11-11,288.2,292.34,287.88,291.74,291.74,14156700.0,0.01528758483581264
2025-11-12,292.08,292.36,284.38,287.43,287.43,16998800.0,0.027763281494624842
2025-11-13,282.98,283.51,278.0,279.12,279.12,18060200.0,0.019740613356262506
2025-11-14,271.89,279.15,271.41,276.98,276.98,18330500.0,0.02794425590295311
2025-11-17,286.4,294.52,284.23,285.6,285.6,34286100.0,0.036029411764705754
2025-11-18,288.48,289.43,279.01,284.96,284.96,29702200.0,0.03656653565412695
2025-11-19,287.68,304.25,287.67,292.99,292.99,43123600.0,0.05658896208061703
2025-11-20,304.74,306.89,289.17,289.98,289.98,34801400.0,0.061107662597420405
2025-11-21,296.87,303.96,294.36,299.65,299.65,43670600.0,0.03203737693976295
2025-11-24,311.01,319.8,309.4,318.47,318.47,55311800.0,0.03265613715577616
2025-11-25,326.8,328.67,317.82,323.64,323.64,50899300.0,0.03352490421455946
2025-11-26,320.78,324.99,317.2,320.28,320.28,29839600.0,0.024322467840639506
2025-11-28,323.43,326.88,316.94,320.12,320.12,19695800.0,0.031050855929026608
2025-12-01,317.48,319.63,313.98,315.12,315.12,28520600.0,0.01792967758314286
2025-12-02,316.9,318.6,314.22,316.02,316.02,24668200.0,0.013859882285931257
2025-12-03,316.03,322.04,314.28,320.62,320.62,32225800.0,0.024203106481192838
